primary_type,community_area,domestic,num_crimes
ARSON,1,0,5
ARSON,1,1,1
ARSON,10,0,4
ARSON,13,0,1
ARSON,14,0,2
ARSON,15,0,2
ARSON,15,1,2
ARSON,16,0,8
ARSON,17,0,3
ARSON,18,0,2
ARSON,19,0,11
ARSON,2,0,7
ARSON,20,1,1
ARSON,21,0,1
ARSON,22,0,3
ARSON,23,0,11
ARSON,23,1,1
ARSON,24,0,10
ARSON,25,0,28
ARSON,25,1,3
ARSON,26,0,11
ARSON,26,1,4
ARSON,27,0,8
ARSON,27,1,1
ARSON,28,0,17
ARSON,29,0,15
ARSON,29,1,3
ARSON,3,0,4
ARSON,30,0,11
ARSON,31,0,5
ARSON,32,0,6
ARSON,33,0,1
ARSON,34,0,1
ARSON,35,0,2
ARSON,37,0,1
ARSON,38,0,8
ARSON,38,1,1
ARSON,39,0,3
ARSON,39,1,1
ARSON,4,0,2
ARSON,4,1,1
ARSON,40,0,3
ARSON,42,0,8
ARSON,43,0,9
ARSON,43,1,2
ARSON,44,0,10
ARSON,45,0,4
ARSON,46,0,5
ARSON,46,1,2
ARSON,47,0,1
ARSON,48,0,3
ARSON,49,0,9
ARSON,49,1,2
ARSON,5,0,1
ARSON,50,0,1
ARSON,50,1,1
ARSON,51,0,3
ARSON,52,0,2
ARSON,53,0,5
ARSON,54,0,1
ARSON,55,0,1
ARSON,55,1,2
ARSON,56,0,1
ARSON,57,0,2
ARSON,58,0,4
ARSON,6,0,6
ARSON,60,0,2
ARSON,61,0,7
ARSON,61,1,1
ARSON,62,0,2
ARSON,63,0,5
ARSON,64,0,1
ARSON,65,0,3
ARSON,66,0,17
ARSON,66,1,4
ARSON,67,0,17
ARSON,67,1,2
ARSON,68,0,11
ARSON,68,1,1
ARSON,69,0,5
ARSON,69,1,1
ARSON,7,0,3
ARSON,70,0,1
ARSON,71,0,13
ARSON,71,1,3
ARSON,72,0,3
ARSON,73,0,9
ARSON,75,0,2
ARSON,75,1,1
ARSON,77,0,2
ARSON,8,0,4
ARSON,8,1,1
ARSON,9,0,1
ASSAULT,1,0,239
ASSAULT,1,1,71
ASSAULT,10,0,76
ASSAULT,10,1,13
ASSAULT,11,0,58
ASSAULT,11,1,17
ASSAULT,12,0,36
ASSAULT,12,1,5
ASSAULT,13,0,71
ASSAULT,13,1,11
ASSAULT,14,0,133
ASSAULT,14,1,47
ASSAULT,15,0,183
ASSAULT,15,1,63
ASSAULT,16,0,149
ASSAULT,16,1,38
ASSAULT,17,0,102
ASSAULT,17,1,28
ASSAULT,18,0,35
ASSAULT,18,1,14
ASSAULT,19,0,287
ASSAULT,19,1,91
ASSAULT,2,0,225
ASSAULT,2,1,63
ASSAULT,20,0,69
ASSAULT,20,1,32
ASSAULT,21,0,126
ASSAULT,21,1,33
ASSAULT,22,0,212
ASSAULT,22,1,51
ASSAULT,23,0,372
ASSAULT,23,1,158
ASSAULT,24,0,344
ASSAULT,24,1,61
ASSAULT,25,0,765
ASSAULT,25,1,441
ASSAULT,26,0,206
ASSAULT,26,1,124
ASSAULT,27,0,239
ASSAULT,27,1,140
ASSAULT,28,0,559
ASSAULT,28,1,113
ASSAULT,29,0,380
ASSAULT,29,1,217
ASSAULT,3,0,261
ASSAULT,3,1,37
ASSAULT,30,0,267
ASSAULT,30,1,86
ASSAULT,31,0,207
ASSAULT,31,1,43
ASSAULT,32,0,433
ASSAULT,32,1,32
ASSAULT,33,0,197
ASSAULT,33,1,27
ASSAULT,34,0,70
ASSAULT,34,1,18
ASSAULT,35,0,186
ASSAULT,35,1,65
ASSAULT,36,0,55
ASSAULT,36,1,23
ASSAULT,37,0,56
ASSAULT,37,1,6
ASSAULT,38,0,215
ASSAULT,38,1,84
ASSAULT,39,0,112
ASSAULT,39,1,39
ASSAULT,4,0,117
ASSAULT,4,1,20
ASSAULT,40,0,129
ASSAULT,40,1,110
ASSAULT,41,0,134
ASSAULT,41,1,28
ASSAULT,42,0,210
ASSAULT,42,1,120
ASSAULT,43,0,526
ASSAULT,43,1,310
ASSAULT,44,0,430
ASSAULT,44,1,236
ASSAULT,45,0,89
ASSAULT,45,1,41
ASSAULT,46,0,352
ASSAULT,46,1,166
ASSAULT,47,0,27
ASSAULT,47,1,13
ASSAULT,48,0,71
ASSAULT,48,1,42
ASSAULT,49,0,371
ASSAULT,49,1,227
ASSAULT,5,0,54
ASSAULT,5,1,13
ASSAULT,50,0,67
ASSAULT,50,1,33
ASSAULT,51,0,148
ASSAULT,51,1,63
ASSAULT,52,0,80
ASSAULT,52,1,41
ASSAULT,53,0,198
ASSAULT,53,1,135
ASSAULT,54,0,104
ASSAULT,54,1,52
ASSAULT,55,0,40
ASSAULT,55,1,20
ASSAULT,56,0,131
ASSAULT,56,1,28
ASSAULT,57,0,73
ASSAULT,57,1,10
ASSAULT,58,0,190
ASSAULT,58,1,54
ASSAULT,59,0,83
ASSAULT,59,1,18
ASSAULT,6,0,277
ASSAULT,6,1,20
ASSAULT,60,0,108
ASSAULT,60,1,24
ASSAULT,61,0,338
ASSAULT,61,1,116
ASSAULT,62,0,56
ASSAULT,62,1,17
ASSAULT,63,0,152
ASSAULT,63,1,43
ASSAULT,64,0,60
ASSAULT,64,1,24
ASSAULT,65,0,83
ASSAULT,65,1,30
ASSAULT,66,0,341
ASSAULT,66,1,163
ASSAULT,67,0,326
ASSAULT,67,1,201
ASSAULT,68,0,400
ASSAULT,68,1,197
ASSAULT,69,0,436
ASSAULT,69,1,194
ASSAULT,7,0,133
ASSAULT,7,1,11
ASSAULT,70,0,141
ASSAULT,70,1,65
ASSAULT,71,0,410
ASSAULT,71,1,264
ASSAULT,72,0,50
ASSAULT,72,1,15
ASSAULT,73,0,172
ASSAULT,73,1,82
ASSAULT,74,0,33
ASSAULT,74,1,6
ASSAULT,75,0,90
ASSAULT,75,1,48
ASSAULT,76,0,91
ASSAULT,76,1,8
ASSAULT,77,0,240
ASSAULT,77,1,23
ASSAULT,8,0,573
ASSAULT,8,1,51
ASSAULT,9,0,17
ASSAULT,9,1,2
BATTERY,1,0,384
BATTERY,1,1,362
BATTERY,10,0,99
BATTERY,10,1,90
BATTERY,11,0,66
BATTERY,11,1,90
BATTERY,12,0,20
BATTERY,12,1,28
BATTERY,13,0,90
BATTERY,13,1,71
BATTERY,14,0,194
BATTERY,14,1,207
BATTERY,15,0,184
BATTERY,15,1,325
BATTERY,16,0,197
BATTERY,16,1,199
BATTERY,17,0,115
BATTERY,17,1,143
BATTERY,18,0,30
BATTERY,18,1,53
BATTERY,19,0,332
BATTERY,19,1,404
BATTERY,2,0,270
BATTERY,2,1,313
BATTERY,20,0,94
BATTERY,20,1,139
BATTERY,21,0,137
BATTERY,21,1,180
BATTERY,22,0,259
BATTERY,22,1,225
BATTERY,23,0,509
BATTERY,23,1,654
BATTERY,24,0,483
BATTERY,24,1,281
BATTERY,25,0,973
BATTERY,25,1,1407
BATTERY,26,0,323
BATTERY,26,1,458
BATTERY,27,0,357
BATTERY,27,1,443
BATTERY,28,0,747
BATTERY,28,1,476
BATTERY,29,0,594
BATTERY,29,1,896
BATTERY,3,0,399
BATTERY,3,1,240
BATTERY,30,0,439
BATTERY,30,1,418
BATTERY,31,0,276
BATTERY,31,1,214
BATTERY,32,0,842
BATTERY,32,1,212
BATTERY,33,0,231
BATTERY,33,1,155
BATTERY,34,0,125
BATTERY,34,1,68
BATTERY,35,0,230
BATTERY,35,1,247
BATTERY,36,0,46
BATTERY,36,1,84
BATTERY,37,0,66
BATTERY,37,1,42
BATTERY,38,0,249
BATTERY,38,1,340
BATTERY,39,0,103
BATTERY,39,1,212
BATTERY,4,0,173
BATTERY,4,1,127
BATTERY,40,0,176
BATTERY,40,1,288
BATTERY,41,0,127
BATTERY,41,1,117
BATTERY,42,0,217
BATTERY,42,1,390
BATTERY,43,0,608
BATTERY,43,1,1115
BATTERY,44,0,399
BATTERY,44,1,730
BATTERY,45,0,70
BATTERY,45,1,102
BATTERY,46,0,327
BATTERY,46,1,569
BATTERY,47,0,15
BATTERY,47,1,36
BATTERY,48,0,65
BATTERY,48,1,111
BATTERY,49,0,436
BATTERY,49,1,674
BATTERY,5,0,73
BATTERY,5,1,66
BATTERY,50,0,64
BATTERY,50,1,78
BATTERY,51,0,104
BATTERY,51,1,185
BATTERY,52,0,75
BATTERY,52,1,170
BATTERY,53,0,180
BATTERY,53,1,414
BATTERY,54,0,108
BATTERY,54,1,175
BATTERY,55,0,54
BATTERY,55,1,72
BATTERY,56,0,126
BATTERY,56,1,115
BATTERY,57,0,71
BATTERY,57,1,82
BATTERY,58,0,181
BATTERY,58,1,268
BATTERY,59,0,63
BATTERY,59,1,81
BATTERY,6,0,570
BATTERY,6,1,198
BATTERY,60,0,89
BATTERY,60,1,117
BATTERY,61,0,353
BATTERY,61,1,451
BATTERY,62,0,53
BATTERY,62,1,83
BATTERY,63,0,166
BATTERY,63,1,210
BATTERY,64,0,40
BATTERY,64,1,109
BATTERY,65,0,100
BATTERY,65,1,150
BATTERY,66,0,375
BATTERY,66,1,578
BATTERY,67,0,376
BATTERY,67,1,630
BATTERY,68,0,415
BATTERY,68,1,670
BATTERY,69,0,515
BATTERY,69,1,713
BATTERY,7,0,208
BATTERY,7,1,80
BATTERY,70,0,140
BATTERY,70,1,210
BATTERY,71,0,446
BATTERY,71,1,820
BATTERY,72,0,39
BATTERY,72,1,54
BATTERY,73,0,212
BATTERY,73,1,275
BATTERY,74,0,35
BATTERY,74,1,50
BATTERY,75,0,128
BATTERY,75,1,170
BATTERY,76,0,172
BATTERY,76,1,52
BATTERY,77,0,272
BATTERY,77,1,199
BATTERY,8,0,1031
BATTERY,8,1,398
BATTERY,9,0,22
BATTERY,9,1,26
BURGLARY,1,0,129
BURGLARY,1,1,4
BURGLARY,10,0,69
BURGLARY,11,0,50
BURGLARY,12,0,42
BURGLARY,13,0,38
BURGLARY,13,1,1
BURGLARY,14,0,80
BURGLARY,14,1,3
BURGLARY,15,0,133
BURGLARY,15,1,6
BURGLARY,16,0,119
BURGLARY,16,1,1
BURGLARY,17,0,60
BURGLARY,17,1,3
BURGLARY,18,0,30
BURGLARY,18,1,1
BURGLARY,19,0,113
BURGLARY,19,1,4
BURGLARY,2,0,160
BURGLARY,2,1,4
BURGLARY,20,0,28
BURGLARY,21,0,88
BURGLARY,21,1,3
BURGLARY,22,0,185
BURGLARY,22,1,4
BURGLARY,23,0,146
BURGLARY,23,1,12
BURGLARY,24,0,303
BURGLARY,24,1,4
BURGLARY,25,0,247
BURGLARY,25,1,22
BURGLARY,26,0,72
BURGLARY,26,1,5
BURGLARY,27,0,89
BURGLARY,27,1,5
BURGLARY,28,0,187
BURGLARY,28,1,3
BURGLARY,29,0,90
BURGLARY,29,1,15
BURGLARY,3,0,130
BURGLARY,3,1,2
BURGLARY,30,0,80
BURGLARY,30,1,2
BURGLARY,31,0,87
BURGLARY,31,1,4
BURGLARY,32,0,82
BURGLARY,32,1,1
BURGLARY,33,0,43
BURGLARY,33,1,3
BURGLARY,34,0,35
BURGLARY,34,1,1
BURGLARY,35,0,37
BURGLARY,35,1,2
BURGLARY,36,0,11
BURGLARY,36,1,4
BURGLARY,37,0,15
BURGLARY,37,1,1
BURGLARY,38,0,81
BURGLARY,38,1,12
BURGLARY,39,0,44
BURGLARY,39,1,4
BURGLARY,4,0,93
BURGLARY,4,1,1
BURGLARY,40,0,61
BURGLARY,40,1,6
BURGLARY,41,0,55
BURGLARY,41,1,1
BURGLARY,42,0,108
BURGLARY,42,1,7
BURGLARY,43,0,352
BURGLARY,43,1,29
BURGLARY,44,0,224
BURGLARY,44,1,10
BURGLARY,45,0,42
BURGLARY,45,1,4
BURGLARY,46,0,120
BURGLARY,46,1,10
BURGLARY,47,0,19
BURGLARY,47,1,2
BURGLARY,48,0,47
BURGLARY,48,1,2
BURGLARY,49,0,182
BURGLARY,49,1,10
BURGLARY,5,0,72
BURGLARY,50,0,29
BURGLARY,50,1,2
BURGLARY,51,0,39
BURGLARY,51,1,1
BURGLARY,52,0,33
BURGLARY,52,1,2
BURGLARY,53,0,148
BURGLARY,53,1,11
BURGLARY,54,0,34
BURGLARY,54,1,4
BURGLARY,55,0,14
BURGLARY,55,1,1
BURGLARY,56,0,71
BURGLARY,56,1,1
BURGLARY,57,0,44
BURGLARY,58,0,68
BURGLARY,58,1,4
BURGLARY,59,0,33
BURGLARY,6,0,199
BURGLARY,60,0,93
BURGLARY,60,1,2
BURGLARY,61,0,103
BURGLARY,61,1,6
BURGLARY,62,0,31
BURGLARY,63,0,65
BURGLARY,63,1,3
BURGLARY,64,0,50
BURGLARY,64,1,2
BURGLARY,65,0,64
BURGLARY,65,1,1
BURGLARY,66,0,187
BURGLARY,66,1,8
BURGLARY,67,0,138
BURGLARY,67,1,7
BURGLARY,68,0,116
BURGLARY,68,1,9
BURGLARY,69,0,204
BURGLARY,69,1,11
BURGLARY,7,0,186
BURGLARY,70,0,74
BURGLARY,70,1,3
BURGLARY,71,0,241
BURGLARY,71,1,13
BURGLARY,72,0,49
BURGLARY,72,1,2
BURGLARY,73,0,118
BURGLARY,74,0,21
BURGLARY,74,1,1
BURGLARY,75,0,48
BURGLARY,75,1,5
BURGLARY,76,0,14
BURGLARY,77,0,92
BURGLARY,77,1,1
BURGLARY,8,0,151
BURGLARY,8,1,1
BURGLARY,9,0,24
BURGLARY,9,1,2
CONCEALED CARRY LICENSE VIOLATION,1,0,1
CONCEALED CARRY LICENSE VIOLATION,15,0,1
CONCEALED CARRY LICENSE VIOLATION,16,0,1
CONCEALED CARRY LICENSE VIOLATION,17,0,2
CONCEALED CARRY LICENSE VIOLATION,19,0,2
CONCEALED CARRY LICENSE VIOLATION,22,0,1
CONCEALED CARRY LICENSE VIOLATION,23,0,5
CONCEALED CARRY LICENSE VIOLATION,24,0,2
CONCEALED CARRY LICENSE VIOLATION,25,0,3
CONCEALED CARRY LICENSE VIOLATION,28,0,2
CONCEALED CARRY LICENSE VIOLATION,29,0,1
CONCEALED CARRY LICENSE VIOLATION,3,0,2
CONCEALED CARRY LICENSE VIOLATION,30,0,2
CONCEALED CARRY LICENSE VIOLATION,31,0,1
CONCEALED CARRY LICENSE VIOLATION,32,0,2
CONCEALED CARRY LICENSE VIOLATION,34,0,1
CONCEALED CARRY LICENSE VIOLATION,35,0,3
CONCEALED CARRY LICENSE VIOLATION,37,0,1
CONCEALED CARRY LICENSE VIOLATION,38,0,2
CONCEALED CARRY LICENSE VIOLATION,4,0,1
CONCEALED CARRY LICENSE VIOLATION,43,0,1
CONCEALED CARRY LICENSE VIOLATION,44,0,6
CONCEALED CARRY LICENSE VIOLATION,46,0,1
CONCEALED CARRY LICENSE VIOLATION,47,0,1
CONCEALED CARRY LICENSE VIOLATION,48,0,1
CONCEALED CARRY LICENSE VIOLATION,49,0,1
CONCEALED CARRY LICENSE VIOLATION,50,0,1
CONCEALED CARRY LICENSE VIOLATION,51,0,2
CONCEALED CARRY LICENSE VIOLATION,53,0,1
CONCEALED CARRY LICENSE VIOLATION,53,1,1
CONCEALED CARRY LICENSE VIOLATION,56,0,34
CONCEALED CARRY LICENSE VIOLATION,59,0,1
CONCEALED CARRY LICENSE VIOLATION,6,0,4
CONCEALED CARRY LICENSE VIOLATION,61,0,3
CONCEALED CARRY LICENSE VIOLATION,62,0,1
CONCEALED CARRY LICENSE VIOLATION,63,0,1
CONCEALED CARRY LICENSE VIOLATION,64,0,1
CONCEALED CARRY LICENSE VIOLATION,66,0,1
CONCEALED CARRY LICENSE VIOLATION,67,0,3
CONCEALED CARRY LICENSE VIOLATION,68,0,1
CONCEALED CARRY LICENSE VIOLATION,69,0,3
CONCEALED CARRY LICENSE VIOLATION,7,0,1
CONCEALED CARRY LICENSE VIOLATION,71,0,4
CONCEALED CARRY LICENSE VIOLATION,72,0,1
CONCEALED CARRY LICENSE VIOLATION,73,0,2
CONCEALED CARRY LICENSE VIOLATION,75,0,1
CONCEALED CARRY LICENSE VIOLATION,76,0,58
CONCEALED CARRY LICENSE VIOLATION,8,0,5
CRIMINAL DAMAGE,1,0,374
CRIMINAL DAMAGE,1,1,31
CRIMINAL DAMAGE,10,0,89
CRIMINAL DAMAGE,10,1,7
CRIMINAL DAMAGE,11,0,93
CRIMINAL DAMAGE,11,1,9
CRIMINAL DAMAGE,12,0,64
CRIMINAL DAMAGE,12,1,4
CRIMINAL DAMAGE,13,0,100
CRIMINAL DAMAGE,13,1,8
CRIMINAL DAMAGE,14,0,301
CRIMINAL DAMAGE,14,1,16
CRIMINAL DAMAGE,15,0,265
CRIMINAL DAMAGE,15,1,32
CRIMINAL DAMAGE,16,0,262
CRIMINAL DAMAGE,16,1,21
CRIMINAL DAMAGE,17,0,137
CRIMINAL DAMAGE,17,1,16
CRIMINAL DAMAGE,18,0,90
CRIMINAL DAMAGE,18,1,5
CRIMINAL DAMAGE,19,0,385
CRIMINAL DAMAGE,19,1,55
CRIMINAL DAMAGE,2,0,459
CRIMINAL DAMAGE,2,1,35
CRIMINAL DAMAGE,20,0,117
CRIMINAL DAMAGE,20,1,18
CRIMINAL DAMAGE,21,0,186
CRIMINAL DAMAGE,21,1,16
CRIMINAL DAMAGE,22,0,434
CRIMINAL DAMAGE,22,1,28
CRIMINAL DAMAGE,23,0,529
CRIMINAL DAMAGE,23,1,97
CRIMINAL DAMAGE,24,0,725
CRIMINAL DAMAGE,24,1,28
CRIMINAL DAMAGE,25,0,1187
CRIMINAL DAMAGE,25,1,292
CRIMINAL DAMAGE,26,0,334
CRIMINAL DAMAGE,26,1,84
CRIMINAL DAMAGE,27,0,399
CRIMINAL DAMAGE,27,1,99
CRIMINAL DAMAGE,28,0,881
CRIMINAL DAMAGE,28,1,73
CRIMINAL DAMAGE,29,0,634
CRIMINAL DAMAGE,29,1,188
CRIMINAL DAMAGE,3,0,349
CRIMINAL DAMAGE,3,1,21
CRIMINAL DAMAGE,30,0,453
CRIMINAL DAMAGE,30,1,48
CRIMINAL DAMAGE,31,0,364
CRIMINAL DAMAGE,31,1,17
CRIMINAL DAMAGE,32,0,603
CRIMINAL DAMAGE,32,1,13
CRIMINAL DAMAGE,33,0,206
CRIMINAL DAMAGE,33,1,7
CRIMINAL DAMAGE,34,0,108
CRIMINAL DAMAGE,34,1,10
CRIMINAL DAMAGE,35,0,265
CRIMINAL DAMAGE,35,1,32
CRIMINAL DAMAGE,36,0,77
CRIMINAL DAMAGE,36,1,10
CRIMINAL DAMAGE,37,0,63
CRIMINAL DAMAGE,37,1,9
CRIMINAL DAMAGE,38,0,363
CRIMINAL DAMAGE,38,1,70
CRIMINAL DAMAGE,39,0,201
CRIMINAL DAMAGE,39,1,31
CRIMINAL DAMAGE,4,0,227
CRIMINAL DAMAGE,4,1,13
CRIMINAL DAMAGE,40,0,204
CRIMINAL DAMAGE,40,1,50
CRIMINAL DAMAGE,41,0,191
CRIMINAL DAMAGE,41,1,23
CRIMINAL DAMAGE,42,0,326
CRIMINAL DAMAGE,42,1,69
CRIMINAL DAMAGE,43,0,908
CRIMINAL DAMAGE,43,1,205
CRIMINAL DAMAGE,44,0,707
CRIMINAL DAMAGE,44,1,153
CRIMINAL DAMAGE,45,0,114
CRIMINAL DAMAGE,45,1,30
CRIMINAL DAMAGE,46,0,515
CRIMINAL DAMAGE,46,1,105
CRIMINAL DAMAGE,47,0,47
CRIMINAL DAMAGE,47,1,6
CRIMINAL DAMAGE,48,0,149
CRIMINAL DAMAGE,48,1,18
CRIMINAL DAMAGE,49,0,667
CRIMINAL DAMAGE,49,1,159
CRIMINAL DAMAGE,5,0,133
CRIMINAL DAMAGE,5,1,3
CRIMINAL DAMAGE,50,0,116
CRIMINAL DAMAGE,50,1,17
CRIMINAL DAMAGE,51,0,254
CRIMINAL DAMAGE,51,1,38
CRIMINAL DAMAGE,52,0,150
CRIMINAL DAMAGE,52,1,20
CRIMINAL DAMAGE,53,0,397
CRIMINAL DAMAGE,53,1,100
CRIMINAL DAMAGE,54,0,147
CRIMINAL DAMAGE,54,1,44
CRIMINAL DAMAGE,55,0,62
CRIMINAL DAMAGE,55,1,15
CRIMINAL DAMAGE,56,0,203
CRIMINAL DAMAGE,56,1,14
CRIMINAL DAMAGE,57,0,97
CRIMINAL DAMAGE,57,1,8
CRIMINAL DAMAGE,58,0,242
CRIMINAL DAMAGE,58,1,32
CRIMINAL DAMAGE,59,0,100
CRIMINAL DAMAGE,59,1,7
CRIMINAL DAMAGE,6,0,474
CRIMINAL DAMAGE,6,1,13
CRIMINAL DAMAGE,60,0,207
CRIMINAL DAMAGE,60,1,16
CRIMINAL DAMAGE,61,0,379
CRIMINAL DAMAGE,61,1,56
CRIMINAL DAMAGE,62,0,101
CRIMINAL DAMAGE,62,1,16
CRIMINAL DAMAGE,63,0,205
CRIMINAL DAMAGE,63,1,25
CRIMINAL DAMAGE,64,0,93
CRIMINAL DAMAGE,64,1,14
CRIMINAL DAMAGE,65,0,158
CRIMINAL DAMAGE,65,1,18
CRIMINAL DAMAGE,66,0,471
CRIMINAL DAMAGE,66,1,108
CRIMINAL DAMAGE,67,0,485
CRIMINAL DAMAGE,67,1,172
CRIMINAL DAMAGE,68,0,417
CRIMINAL DAMAGE,68,1,154
CRIMINAL DAMAGE,69,0,585
CRIMINAL DAMAGE,69,1,135
CRIMINAL DAMAGE,7,0,286
CRIMINAL DAMAGE,7,1,7
CRIMINAL DAMAGE,70,0,218
CRIMINAL DAMAGE,70,1,45
CRIMINAL DAMAGE,71,0,695
CRIMINAL DAMAGE,71,1,175
CRIMINAL DAMAGE,72,0,101
CRIMINAL DAMAGE,72,1,7
CRIMINAL DAMAGE,73,0,324
CRIMINAL DAMAGE,73,1,54
CRIMINAL DAMAGE,74,0,49
CRIMINAL DAMAGE,74,1,4
CRIMINAL DAMAGE,75,0,182
CRIMINAL DAMAGE,75,1,39
CRIMINAL DAMAGE,76,0,110
CRIMINAL DAMAGE,76,1,5
CRIMINAL DAMAGE,77,0,266
CRIMINAL DAMAGE,77,1,17
CRIMINAL DAMAGE,8,0,651
CRIMINAL DAMAGE,8,1,15
CRIMINAL DAMAGE,9,0,22
CRIMINAL SEXUAL ASSAULT,1,0,31
CRIMINAL SEXUAL ASSAULT,1,1,7
CRIMINAL SEXUAL ASSAULT,10,0,6
CRIMINAL SEXUAL ASSAULT,10,1,2
CRIMINAL SEXUAL ASSAULT,11,0,4
CRIMINAL SEXUAL ASSAULT,12,1,2
CRIMINAL SEXUAL ASSAULT,13,0,7
CRIMINAL SEXUAL ASSAULT,14,0,13
CRIMINAL SEXUAL ASSAULT,14,1,5
CRIMINAL SEXUAL ASSAULT,15,0,16
CRIMINAL SEXUAL ASSAULT,15,1,8
CRIMINAL SEXUAL ASSAULT,16,0,10
CRIMINAL SEXUAL ASSAULT,16,1,2
CRIMINAL SEXUAL ASSAULT,17,0,4
CRIMINAL SEXUAL ASSAULT,17,1,1
CRIMINAL SEXUAL ASSAULT,18,0,5
CRIMINAL SEXUAL ASSAULT,19,0,24
CRIMINAL SEXUAL ASSAULT,19,1,11
CRIMINAL SEXUAL ASSAULT,2,0,17
CRIMINAL SEXUAL ASSAULT,2,1,4
CRIMINAL SEXUAL ASSAULT,20,0,7
CRIMINAL SEXUAL ASSAULT,20,1,2
CRIMINAL SEXUAL ASSAULT,21,0,2
CRIMINAL SEXUAL ASSAULT,21,1,1
CRIMINAL SEXUAL ASSAULT,22,0,15
CRIMINAL SEXUAL ASSAULT,22,1,7
CRIMINAL SEXUAL ASSAULT,23,0,33
CRIMINAL SEXUAL ASSAULT,23,1,11
CRIMINAL SEXUAL ASSAULT,24,0,26
CRIMINAL SEXUAL ASSAULT,24,1,5
CRIMINAL SEXUAL ASSAULT,25,0,65
CRIMINAL SEXUAL ASSAULT,25,1,17
CRIMINAL SEXUAL ASSAULT,26,0,19
CRIMINAL SEXUAL ASSAULT,26,1,1
CRIMINAL SEXUAL ASSAULT,27,0,25
CRIMINAL SEXUAL ASSAULT,27,1,3
CRIMINAL SEXUAL ASSAULT,28,0,44
CRIMINAL SEXUAL ASSAULT,28,1,7
CRIMINAL SEXUAL ASSAULT,29,0,41
CRIMINAL SEXUAL ASSAULT,29,1,9
CRIMINAL SEXUAL ASSAULT,3,0,39
CRIMINAL SEXUAL ASSAULT,3,1,7
CRIMINAL SEXUAL ASSAULT,30,0,25
CRIMINAL SEXUAL ASSAULT,30,1,7
CRIMINAL SEXUAL ASSAULT,31,0,11
CRIMINAL SEXUAL ASSAULT,31,1,3
CRIMINAL SEXUAL ASSAULT,32,0,31
CRIMINAL SEXUAL ASSAULT,32,1,5
CRIMINAL SEXUAL ASSAULT,33,0,10
CRIMINAL SEXUAL ASSAULT,33,1,2
CRIMINAL SEXUAL ASSAULT,34,0,4
CRIMINAL SEXUAL ASSAULT,34,1,1
CRIMINAL SEXUAL ASSAULT,35,0,9
CRIMINAL SEXUAL ASSAULT,35,1,4
CRIMINAL SEXUAL ASSAULT,36,0,8
CRIMINAL SEXUAL ASSAULT,37,0,4
CRIMINAL SEXUAL ASSAULT,38,0,11
CRIMINAL SEXUAL ASSAULT,39,0,12
CRIMINAL SEXUAL ASSAULT,4,0,20
CRIMINAL SEXUAL ASSAULT,4,1,4
CRIMINAL SEXUAL ASSAULT,40,0,8
CRIMINAL SEXUAL ASSAULT,40,1,2
CRIMINAL SEXUAL ASSAULT,41,0,15
CRIMINAL SEXUAL ASSAULT,41,1,1
CRIMINAL SEXUAL ASSAULT,42,0,18
CRIMINAL SEXUAL ASSAULT,42,1,4
CRIMINAL SEXUAL ASSAULT,43,0,39
CRIMINAL SEXUAL ASSAULT,43,1,8
CRIMINAL SEXUAL ASSAULT,44,0,15
CRIMINAL SEXUAL ASSAULT,44,1,8
CRIMINAL SEXUAL ASSAULT,45,0,1
CRIMINAL SEXUAL ASSAULT,46,0,17
CRIMINAL SEXUAL ASSAULT,46,1,5
CRIMINAL SEXUAL ASSAULT,47,0,3
CRIMINAL SEXUAL ASSAULT,47,1,1
CRIMINAL SEXUAL ASSAULT,48,0,4
CRIMINAL SEXUAL ASSAULT,49,0,27
CRIMINAL SEXUAL ASSAULT,49,1,7
CRIMINAL SEXUAL ASSAULT,5,0,9
CRIMINAL SEXUAL ASSAULT,50,0,4
CRIMINAL SEXUAL ASSAULT,50,1,1
CRIMINAL SEXUAL ASSAULT,51,0,4
CRIMINAL SEXUAL ASSAULT,51,1,1
CRIMINAL SEXUAL ASSAULT,52,0,4
CRIMINAL SEXUAL ASSAULT,53,0,11
CRIMINAL SEXUAL ASSAULT,53,1,2
CRIMINAL SEXUAL ASSAULT,54,0,6
CRIMINAL SEXUAL ASSAULT,54,1,1
CRIMINAL SEXUAL ASSAULT,55,0,1
CRIMINAL SEXUAL ASSAULT,55,1,1
CRIMINAL SEXUAL ASSAULT,56,0,7
CRIMINAL SEXUAL ASSAULT,56,1,4
CRIMINAL SEXUAL ASSAULT,57,0,2
CRIMINAL SEXUAL ASSAULT,58,0,10
CRIMINAL SEXUAL ASSAULT,58,1,3
CRIMINAL SEXUAL ASSAULT,59,0,3
CRIMINAL SEXUAL ASSAULT,59,1,4
CRIMINAL SEXUAL ASSAULT,6,0,47
CRIMINAL SEXUAL ASSAULT,6,1,10
CRIMINAL SEXUAL ASSAULT,60,0,7
CRIMINAL SEXUAL ASSAULT,61,0,16
CRIMINAL SEXUAL ASSAULT,61,1,5
CRIMINAL SEXUAL ASSAULT,62,0,3
CRIMINAL SEXUAL ASSAULT,62,1,2
CRIMINAL SEXUAL ASSAULT,63,0,8
CRIMINAL SEXUAL ASSAULT,63,1,1
CRIMINAL SEXUAL ASSAULT,64,0,5
CRIMINAL SEXUAL ASSAULT,65,0,6
CRIMINAL SEXUAL ASSAULT,65,1,2
CRIMINAL SEXUAL ASSAULT,66,0,26
CRIMINAL SEXUAL ASSAULT,66,1,8
CRIMINAL SEXUAL ASSAULT,67,0,18
CRIMINAL SEXUAL ASSAULT,67,1,7
CRIMINAL SEXUAL ASSAULT,68,0,28
CRIMINAL SEXUAL ASSAULT,68,1,15
CRIMINAL SEXUAL ASSAULT,69,0,27
CRIMINAL SEXUAL ASSAULT,69,1,10
CRIMINAL SEXUAL ASSAULT,7,0,22
CRIMINAL SEXUAL ASSAULT,7,1,1
CRIMINAL SEXUAL ASSAULT,70,0,7
CRIMINAL SEXUAL ASSAULT,70,1,4
CRIMINAL SEXUAL ASSAULT,71,0,28
CRIMINAL SEXUAL ASSAULT,71,1,13
CRIMINAL SEXUAL ASSAULT,72,0,2
CRIMINAL SEXUAL ASSAULT,72,1,3
CRIMINAL SEXUAL ASSAULT,73,0,8
CRIMINAL SEXUAL ASSAULT,73,1,4
CRIMINAL SEXUAL ASSAULT,74,0,3
CRIMINAL SEXUAL ASSAULT,75,0,4
CRIMINAL SEXUAL ASSAULT,76,0,8
CRIMINAL SEXUAL ASSAULT,76,1,1
CRIMINAL SEXUAL ASSAULT,77,0,27
CRIMINAL SEXUAL ASSAULT,77,1,5
CRIMINAL SEXUAL ASSAULT,8,0,128
CRIMINAL SEXUAL ASSAULT,8,1,11
CRIMINAL SEXUAL ASSAULT,9,0,2
CRIMINAL SEXUAL ASSAULT,9,1,1
CRIMINAL TRESPASS,1,0,83
CRIMINAL TRESPASS,1,1,3
CRIMINAL TRESPASS,10,0,34
CRIMINAL TRESPASS,10,1,1
CRIMINAL TRESPASS,11,0,33
CRIMINAL TRESPASS,12,0,21
CRIMINAL TRESPASS,13,0,22
CRIMINAL TRESPASS,13,1,1
CRIMINAL TRESPASS,14,0,29
CRIMINAL TRESPASS,15,0,53
CRIMINAL TRESPASS,15,1,7
CRIMINAL TRESPASS,16,0,35
CRIMINAL TRESPASS,16,1,4
CRIMINAL TRESPASS,17,0,22
CRIMINAL TRESPASS,17,1,4
CRIMINAL TRESPASS,18,0,13
CRIMINAL TRESPASS,18,1,2
CRIMINAL TRESPASS,19,0,43
CRIMINAL TRESPASS,19,1,6
CRIMINAL TRESPASS,2,0,75
CRIMINAL TRESPASS,2,1,2
CRIMINAL TRESPASS,20,0,7
CRIMINAL TRESPASS,20,1,2
CRIMINAL TRESPASS,21,0,26
CRIMINAL TRESPASS,21,1,4
CRIMINAL TRESPASS,22,0,60
CRIMINAL TRESPASS,22,1,3
CRIMINAL TRESPASS,23,0,71
CRIMINAL TRESPASS,23,1,13
CRIMINAL TRESPASS,24,0,110
CRIMINAL TRESPASS,24,1,5
CRIMINAL TRESPASS,25,0,131
CRIMINAL TRESPASS,25,1,18
CRIMINAL TRESPASS,26,0,40
CRIMINAL TRESPASS,26,1,6
CRIMINAL TRESPASS,27,0,45
CRIMINAL TRESPASS,27,1,16
CRIMINAL TRESPASS,28,0,200
CRIMINAL TRESPASS,28,1,8
CRIMINAL TRESPASS,29,0,70
CRIMINAL TRESPASS,29,1,9
CRIMINAL TRESPASS,3,0,88
CRIMINAL TRESPASS,3,1,6
CRIMINAL TRESPASS,30,0,36
CRIMINAL TRESPASS,30,1,5
CRIMINAL TRESPASS,31,0,50
CRIMINAL TRESPASS,31,1,3
CRIMINAL TRESPASS,32,0,221
CRIMINAL TRESPASS,32,1,2
CRIMINAL TRESPASS,33,0,69
CRIMINAL TRESPASS,33,1,4
CRIMINAL TRESPASS,34,0,18
CRIMINAL TRESPASS,34,1,1
CRIMINAL TRESPASS,35,0,43
CRIMINAL TRESPASS,35,1,3
CRIMINAL TRESPASS,36,0,8
CRIMINAL TRESPASS,36,1,1
CRIMINAL TRESPASS,37,0,8
CRIMINAL TRESPASS,38,0,53
CRIMINAL TRESPASS,38,1,5
CRIMINAL TRESPASS,39,0,26
CRIMINAL TRESPASS,39,1,2
CRIMINAL TRESPASS,4,0,65
CRIMINAL TRESPASS,40,0,22
CRIMINAL TRESPASS,40,1,1
CRIMINAL TRESPASS,41,0,22
CRIMINAL TRESPASS,42,0,43
CRIMINAL TRESPASS,42,1,4
CRIMINAL TRESPASS,43,0,112
CRIMINAL TRESPASS,43,1,21
CRIMINAL TRESPASS,44,0,76
CRIMINAL TRESPASS,44,1,6
CRIMINAL TRESPASS,45,0,12
CRIMINAL TRESPASS,45,1,2
CRIMINAL TRESPASS,46,0,62
CRIMINAL TRESPASS,46,1,9
CRIMINAL TRESPASS,47,0,3
CRIMINAL TRESPASS,48,0,17
CRIMINAL TRESPASS,49,0,56
CRIMINAL TRESPASS,49,1,6
CRIMINAL TRESPASS,5,0,35
CRIMINAL TRESPASS,50,0,16
CRIMINAL TRESPASS,50,1,3
CRIMINAL TRESPASS,51,0,30
CRIMINAL TRESPASS,51,1,9
CRIMINAL TRESPASS,52,0,18
CRIMINAL TRESPASS,52,1,2
CRIMINAL TRESPASS,53,0,34
CRIMINAL TRESPASS,53,1,5
CRIMINAL TRESPASS,54,0,10
CRIMINAL TRESPASS,54,1,2
CRIMINAL TRESPASS,55,0,7
CRIMINAL TRESPASS,55,1,1
CRIMINAL TRESPASS,56,0,28
CRIMINAL TRESPASS,56,1,3
CRIMINAL TRESPASS,57,0,7
CRIMINAL TRESPASS,57,1,1
CRIMINAL TRESPASS,58,0,26
CRIMINAL TRESPASS,58,1,1
CRIMINAL TRESPASS,59,0,15
CRIMINAL TRESPASS,59,1,1
CRIMINAL TRESPASS,6,0,147
CRIMINAL TRESPASS,6,1,4
CRIMINAL TRESPASS,60,0,20
CRIMINAL TRESPASS,60,1,1
CRIMINAL TRESPASS,61,0,42
CRIMINAL TRESPASS,61,1,5
CRIMINAL TRESPASS,62,0,16
CRIMINAL TRESPASS,63,0,16
CRIMINAL TRESPASS,63,1,5
CRIMINAL TRESPASS,64,0,15
CRIMINAL TRESPASS,64,1,1
CRIMINAL TRESPASS,65,0,16
CRIMINAL TRESPASS,65,1,4
CRIMINAL TRESPASS,66,0,45
CRIMINAL TRESPASS,66,1,8
CRIMINAL TRESPASS,67,0,41
CRIMINAL TRESPASS,67,1,9
CRIMINAL TRESPASS,68,0,37
CRIMINAL TRESPASS,68,1,5
CRIMINAL TRESPASS,69,0,79
CRIMINAL TRESPASS,69,1,4
CRIMINAL TRESPASS,7,0,72
CRIMINAL TRESPASS,7,1,4
CRIMINAL TRESPASS,70,0,17
CRIMINAL TRESPASS,70,1,6
CRIMINAL TRESPASS,71,0,78
CRIMINAL TRESPASS,71,1,19
CRIMINAL TRESPASS,72,0,21
CRIMINAL TRESPASS,73,0,26
CRIMINAL TRESPASS,73,1,7
CRIMINAL TRESPASS,74,0,26
CRIMINAL TRESPASS,74,1,1
CRIMINAL TRESPASS,75,0,31
CRIMINAL TRESPASS,75,1,2
CRIMINAL TRESPASS,76,0,170
CRIMINAL TRESPASS,77,0,66
CRIMINAL TRESPASS,77,1,2
CRIMINAL TRESPASS,8,0,351
CRIMINAL TRESPASS,8,1,2
CRIMINAL TRESPASS,9,0,13
DECEPTIVE PRACTICE,1,0,223
DECEPTIVE PRACTICE,1,1,5
DECEPTIVE PRACTICE,10,0,227
DECEPTIVE PRACTICE,10,1,1
DECEPTIVE PRACTICE,11,0,149
DECEPTIVE PRACTICE,11,1,3
DECEPTIVE PRACTICE,12,0,166
DECEPTIVE PRACTICE,13,0,127
DECEPTIVE PRACTICE,14,0,123
DECEPTIVE PRACTICE,15,0,283
DECEPTIVE PRACTICE,15,1,4
DECEPTIVE PRACTICE,16,0,194
DECEPTIVE PRACTICE,16,1,2
DECEPTIVE PRACTICE,17,0,277
DECEPTIVE PRACTICE,18,0,64
DECEPTIVE PRACTICE,19,0,287
DECEPTIVE PRACTICE,19,1,3
DECEPTIVE PRACTICE,2,0,506
DECEPTIVE PRACTICE,2,1,1
DECEPTIVE PRACTICE,20,0,94
DECEPTIVE PRACTICE,20,1,2
DECEPTIVE PRACTICE,21,0,136
DECEPTIVE PRACTICE,22,0,290
DECEPTIVE PRACTICE,22,1,1
DECEPTIVE PRACTICE,23,0,274
DECEPTIVE PRACTICE,23,1,5
DECEPTIVE PRACTICE,24,0,449
DECEPTIVE PRACTICE,24,1,1
DECEPTIVE PRACTICE,25,0,596
DECEPTIVE PRACTICE,25,1,11
DECEPTIVE PRACTICE,26,0,109
DECEPTIVE PRACTICE,26,1,3
DECEPTIVE PRACTICE,27,0,102
DECEPTIVE PRACTICE,27,1,3
DECEPTIVE PRACTICE,28,0,647
DECEPTIVE PRACTICE,28,1,3
DECEPTIVE PRACTICE,29,0,210
DECEPTIVE PRACTICE,29,1,4
DECEPTIVE PRACTICE,3,0,325
DECEPTIVE PRACTICE,3,1,4
DECEPTIVE PRACTICE,30,0,172
DECEPTIVE PRACTICE,30,1,3
DECEPTIVE PRACTICE,31,0,187
DECEPTIVE PRACTICE,31,1,2
DECEPTIVE PRACTICE,32,0,685
DECEPTIVE PRACTICE,32,1,2
DECEPTIVE PRACTICE,33,0,206
DECEPTIVE PRACTICE,33,1,1
DECEPTIVE PRACTICE,34,0,68
DECEPTIVE PRACTICE,35,0,133
DECEPTIVE PRACTICE,35,1,1
DECEPTIVE PRACTICE,36,0,25
DECEPTIVE PRACTICE,36,1,1
DECEPTIVE PRACTICE,37,0,27
DECEPTIVE PRACTICE,38,0,160
DECEPTIVE PRACTICE,38,1,3
DECEPTIVE PRACTICE,39,0,101
DECEPTIVE PRACTICE,39,1,1
DECEPTIVE PRACTICE,4,0,205
DECEPTIVE PRACTICE,4,1,1
DECEPTIVE PRACTICE,40,0,71
DECEPTIVE PRACTICE,41,0,145
DECEPTIVE PRACTICE,42,0,127
DECEPTIVE PRACTICE,42,1,3
DECEPTIVE PRACTICE,43,0,282
DECEPTIVE PRACTICE,43,1,6
DECEPTIVE PRACTICE,44,0,237
DECEPTIVE PRACTICE,44,1,7
DECEPTIVE PRACTICE,45,0,72
DECEPTIVE PRACTICE,45,1,1
DECEPTIVE PRACTICE,46,0,144
DECEPTIVE PRACTICE,46,1,2
DECEPTIVE PRACTICE,47,0,12
DECEPTIVE PRACTICE,48,0,76
DECEPTIVE PRACTICE,48,1,1
DECEPTIVE PRACTICE,49,0,269
DECEPTIVE PRACTICE,49,1,6
DECEPTIVE PRACTICE,5,0,159
DECEPTIVE PRACTICE,50,0,59
DECEPTIVE PRACTICE,50,1,3
DECEPTIVE PRACTICE,51,0,84
DECEPTIVE PRACTICE,51,1,2
DECEPTIVE PRACTICE,52,0,50
DECEPTIVE PRACTICE,53,0,133
DECEPTIVE PRACTICE,53,1,6
DECEPTIVE PRACTICE,54,0,39
DECEPTIVE PRACTICE,54,1,1
DECEPTIVE PRACTICE,55,0,49
DECEPTIVE PRACTICE,56,0,275
DECEPTIVE PRACTICE,56,1,2
DECEPTIVE PRACTICE,57,0,137
DECEPTIVE PRACTICE,57,1,1
DECEPTIVE PRACTICE,58,0,113
DECEPTIVE PRACTICE,58,1,1
DECEPTIVE PRACTICE,59,0,43
DECEPTIVE PRACTICE,59,1,2
DECEPTIVE PRACTICE,6,0,585
DECEPTIVE PRACTICE,6,1,2
DECEPTIVE PRACTICE,60,0,134
DECEPTIVE PRACTICE,61,0,164
DECEPTIVE PRACTICE,61,1,4
DECEPTIVE PRACTICE,62,0,83
DECEPTIVE PRACTICE,62,1,1
DECEPTIVE PRACTICE,63,0,97
DECEPTIVE PRACTICE,63,1,1
DECEPTIVE PRACTICE,64,0,111
DECEPTIVE PRACTICE,64,1,3
DECEPTIVE PRACTICE,65,0,153
DECEPTIVE PRACTICE,65,1,1
DECEPTIVE PRACTICE,66,0,212
DECEPTIVE PRACTICE,66,1,4
DECEPTIVE PRACTICE,67,0,150
DECEPTIVE PRACTICE,67,1,1
DECEPTIVE PRACTICE,68,0,159
DECEPTIVE PRACTICE,68,1,3
DECEPTIVE PRACTICE,69,0,234
DECEPTIVE PRACTICE,69,1,3
DECEPTIVE PRACTICE,7,0,347
DECEPTIVE PRACTICE,70,0,184
DECEPTIVE PRACTICE,70,1,1
DECEPTIVE PRACTICE,71,0,293
DECEPTIVE PRACTICE,71,1,6
DECEPTIVE PRACTICE,72,0,91
DECEPTIVE PRACTICE,72,1,1
DECEPTIVE PRACTICE,73,0,140
DECEPTIVE PRACTICE,73,1,5
DECEPTIVE PRACTICE,74,0,71
DECEPTIVE PRACTICE,74,1,1
DECEPTIVE PRACTICE,75,0,117
DECEPTIVE PRACTICE,75,1,1
DECEPTIVE PRACTICE,76,0,136
DECEPTIVE PRACTICE,76,1,2
DECEPTIVE PRACTICE,77,0,238
DECEPTIVE PRACTICE,77,1,4
DECEPTIVE PRACTICE,8,0,1013
DECEPTIVE PRACTICE,8,1,8
DECEPTIVE PRACTICE,9,0,60
GAMBLING,13,0,1
GAMBLING,25,0,2
GAMBLING,27,0,1
GAMBLING,29,0,1
GAMBLING,46,0,1
GAMBLING,66,0,3
HOMICIDE,1,0,8
HOMICIDE,13,0,1
HOMICIDE,13,1,1
HOMICIDE,14,0,6
HOMICIDE,15,0,3
HOMICIDE,16,0,3
HOMICIDE,17,0,1
HOMICIDE,18,0,2
HOMICIDE,19,0,4
HOMICIDE,19,1,5
HOMICIDE,2,0,6
HOMICIDE,20,0,1
HOMICIDE,21,0,2
HOMICIDE,22,0,6
HOMICIDE,22,1,2
HOMICIDE,23,0,21
HOMICIDE,23,1,2
HOMICIDE,24,0,9
HOMICIDE,24,1,1
HOMICIDE,25,0,44
HOMICIDE,25,1,3
HOMICIDE,26,0,27
HOMICIDE,26,1,1
HOMICIDE,27,0,18
HOMICIDE,27,1,1
HOMICIDE,28,0,17
HOMICIDE,28,1,1
HOMICIDE,29,0,28
HOMICIDE,3,0,5
HOMICIDE,3,1,4
HOMICIDE,30,0,21
HOMICIDE,30,1,1
HOMICIDE,31,0,9
HOMICIDE,32,0,9
HOMICIDE,33,0,6
HOMICIDE,33,1,1
HOMICIDE,34,0,2
HOMICIDE,35,0,7
HOMICIDE,35,1,1
HOMICIDE,37,0,5
HOMICIDE,37,1,1
HOMICIDE,38,0,11
HOMICIDE,38,1,2
HOMICIDE,39,0,7
HOMICIDE,39,1,1
HOMICIDE,4,1,1
HOMICIDE,40,0,4
HOMICIDE,41,0,1
HOMICIDE,42,0,11
HOMICIDE,42,1,2
HOMICIDE,43,0,39
HOMICIDE,43,1,3
HOMICIDE,44,0,23
HOMICIDE,44,1,3
HOMICIDE,45,0,3
HOMICIDE,46,0,18
HOMICIDE,46,1,1
HOMICIDE,47,0,1
HOMICIDE,48,0,2
HOMICIDE,49,0,26
HOMICIDE,49,1,2
HOMICIDE,50,0,4
HOMICIDE,51,0,7
HOMICIDE,52,0,2
HOMICIDE,52,1,1
HOMICIDE,53,0,20
HOMICIDE,53,1,2
HOMICIDE,54,0,7
HOMICIDE,57,0,1
HOMICIDE,58,0,12
HOMICIDE,59,0,4
HOMICIDE,59,1,1
HOMICIDE,6,0,1
HOMICIDE,60,0,2
HOMICIDE,61,0,21
HOMICIDE,61,1,2
HOMICIDE,63,0,1
HOMICIDE,65,0,3
HOMICIDE,66,0,18
HOMICIDE,67,0,28
HOMICIDE,67,1,2
HOMICIDE,68,0,16
HOMICIDE,68,1,1
HOMICIDE,69,0,22
HOMICIDE,7,0,1
HOMICIDE,70,0,3
HOMICIDE,70,1,1
HOMICIDE,71,0,31
HOMICIDE,71,1,4
HOMICIDE,72,0,2
HOMICIDE,73,0,10
HOMICIDE,75,0,8
HOMICIDE,77,0,2
HOMICIDE,8,0,11
HOMICIDE,8,1,3
HOMICIDE,9,0,2
HUMAN TRAFFICKING,11,0,1
HUMAN TRAFFICKING,15,0,1
HUMAN TRAFFICKING,26,0,1
HUMAN TRAFFICKING,27,1,1
HUMAN TRAFFICKING,29,0,1
HUMAN TRAFFICKING,32,0,1
HUMAN TRAFFICKING,40,0,1
HUMAN TRAFFICKING,41,0,1
HUMAN TRAFFICKING,44,0,2
HUMAN TRAFFICKING,67,0,1
HUMAN TRAFFICKING,69,0,3
HUMAN TRAFFICKING,7,0,1
HUMAN TRAFFICKING,71,1,1
HUMAN TRAFFICKING,8,0,1
INTERFERENCE WITH PUBLIC OFFICER,1,0,9
INTERFERENCE WITH PUBLIC OFFICER,10,0,3
INTERFERENCE WITH PUBLIC OFFICER,11,1,1
INTERFERENCE WITH PUBLIC OFFICER,14,0,1
INTERFERENCE WITH PUBLIC OFFICER,15,0,3
INTERFERENCE WITH PUBLIC OFFICER,16,0,2
INTERFERENCE WITH PUBLIC OFFICER,18,0,1
INTERFERENCE WITH PUBLIC OFFICER,19,0,7
INTERFERENCE WITH PUBLIC OFFICER,2,0,1
INTERFERENCE WITH PUBLIC OFFICER,20,0,4
INTERFERENCE WITH PUBLIC OFFICER,21,0,1
INTERFERENCE WITH PUBLIC OFFICER,22,0,1
INTERFERENCE WITH PUBLIC OFFICER,23,0,7
INTERFERENCE WITH PUBLIC OFFICER,24,0,6
INTERFERENCE WITH PUBLIC OFFICER,25,0,31
INTERFERENCE WITH PUBLIC OFFICER,25,1,1
INTERFERENCE WITH PUBLIC OFFICER,26,0,18
INTERFERENCE WITH PUBLIC OFFICER,27,0,10
INTERFERENCE WITH PUBLIC OFFICER,27,1,1
INTERFERENCE WITH PUBLIC OFFICER,28,0,12
INTERFERENCE WITH PUBLIC OFFICER,29,0,7
INTERFERENCE WITH PUBLIC OFFICER,29,1,1
INTERFERENCE WITH PUBLIC OFFICER,3,0,4
INTERFERENCE WITH PUBLIC OFFICER,30,0,6
INTERFERENCE WITH PUBLIC OFFICER,31,0,3
INTERFERENCE WITH PUBLIC OFFICER,32,0,28
INTERFERENCE WITH PUBLIC OFFICER,33,0,8
INTERFERENCE WITH PUBLIC OFFICER,34,0,2
INTERFERENCE WITH PUBLIC OFFICER,35,0,8
INTERFERENCE WITH PUBLIC OFFICER,37,0,3
INTERFERENCE WITH PUBLIC OFFICER,38,0,2
INTERFERENCE WITH PUBLIC OFFICER,39,0,1
INTERFERENCE WITH PUBLIC OFFICER,4,0,1
INTERFERENCE WITH PUBLIC OFFICER,40,0,6
INTERFERENCE WITH PUBLIC OFFICER,41,0,3
INTERFERENCE WITH PUBLIC OFFICER,42,0,3
INTERFERENCE WITH PUBLIC OFFICER,43,0,12
INTERFERENCE WITH PUBLIC OFFICER,43,1,1
INTERFERENCE WITH PUBLIC OFFICER,44,0,11
INTERFERENCE WITH PUBLIC OFFICER,44,1,1
INTERFERENCE WITH PUBLIC OFFICER,45,0,2
INTERFERENCE WITH PUBLIC OFFICER,46,0,6
INTERFERENCE WITH PUBLIC OFFICER,48,0,3
INTERFERENCE WITH PUBLIC OFFICER,49,0,14
INTERFERENCE WITH PUBLIC OFFICER,51,0,3
INTERFERENCE WITH PUBLIC OFFICER,52,0,4
INTERFERENCE WITH PUBLIC OFFICER,53,0,6
INTERFERENCE WITH PUBLIC OFFICER,54,0,2
INTERFERENCE WITH PUBLIC OFFICER,56,0,2
INTERFERENCE WITH PUBLIC OFFICER,56,1,1
INTERFERENCE WITH PUBLIC OFFICER,57,0,2
INTERFERENCE WITH PUBLIC OFFICER,58,0,1
INTERFERENCE WITH PUBLIC OFFICER,59,0,1
INTERFERENCE WITH PUBLIC OFFICER,6,0,3
INTERFERENCE WITH PUBLIC OFFICER,60,0,1
INTERFERENCE WITH PUBLIC OFFICER,61,0,14
INTERFERENCE WITH PUBLIC OFFICER,65,0,1
INTERFERENCE WITH PUBLIC OFFICER,66,0,5
INTERFERENCE WITH PUBLIC OFFICER,67,0,13
INTERFERENCE WITH PUBLIC OFFICER,68,0,6
INTERFERENCE WITH PUBLIC OFFICER,69,0,15
INTERFERENCE WITH PUBLIC OFFICER,71,0,19
INTERFERENCE WITH PUBLIC OFFICER,72,0,1
INTERFERENCE WITH PUBLIC OFFICER,73,0,6
INTERFERENCE WITH PUBLIC OFFICER,74,1,1
INTERFERENCE WITH PUBLIC OFFICER,75,0,5
INTERFERENCE WITH PUBLIC OFFICER,76,0,2
INTERFERENCE WITH PUBLIC OFFICER,77,0,3
INTERFERENCE WITH PUBLIC OFFICER,8,0,18
INTIMIDATION,1,0,8
INTIMIDATION,10,0,1
INTIMIDATION,14,0,1
INTIMIDATION,15,0,4
INTIMIDATION,16,0,2
INTIMIDATION,18,0,3
INTIMIDATION,18,1,1
INTIMIDATION,19,0,2
INTIMIDATION,19,1,1
INTIMIDATION,2,0,6
INTIMIDATION,21,0,1
INTIMIDATION,23,0,1
INTIMIDATION,24,0,3
INTIMIDATION,25,0,6
INTIMIDATION,27,0,2
INTIMIDATION,28,0,11
INTIMIDATION,28,1,2
INTIMIDATION,29,0,4
INTIMIDATION,3,0,3
INTIMIDATION,30,0,4
INTIMIDATION,30,1,5
INTIMIDATION,31,0,3
INTIMIDATION,32,0,2
INTIMIDATION,32,1,1
INTIMIDATION,33,0,1
INTIMIDATION,34,0,3
INTIMIDATION,35,0,1
INTIMIDATION,38,1,1
INTIMIDATION,4,0,2
INTIMIDATION,4,1,1
INTIMIDATION,40,0,1
INTIMIDATION,41,0,2
INTIMIDATION,42,1,1
INTIMIDATION,43,0,1
INTIMIDATION,46,1,1
INTIMIDATION,48,0,1
INTIMIDATION,49,0,1
INTIMIDATION,5,0,2
INTIMIDATION,51,0,1
INTIMIDATION,52,0,1
INTIMIDATION,53,0,1
INTIMIDATION,55,0,1
INTIMIDATION,56,0,3
INTIMIDATION,57,0,1
INTIMIDATION,58,0,7
INTIMIDATION,59,0,1
INTIMIDATION,6,0,8
INTIMIDATION,60,0,1
INTIMIDATION,61,0,2
INTIMIDATION,61,1,1
INTIMIDATION,62,0,3
INTIMIDATION,63,0,2
INTIMIDATION,64,0,1
INTIMIDATION,65,0,2
INTIMIDATION,66,0,5
INTIMIDATION,66,1,1
INTIMIDATION,67,0,3
INTIMIDATION,67,1,2
INTIMIDATION,68,0,1
INTIMIDATION,69,0,2
INTIMIDATION,7,0,3
INTIMIDATION,70,0,4
INTIMIDATION,71,0,3
INTIMIDATION,71,1,1
INTIMIDATION,72,0,2
INTIMIDATION,73,0,1
INTIMIDATION,74,0,1
INTIMIDATION,75,0,1
INTIMIDATION,77,0,5
INTIMIDATION,8,0,8
INTIMIDATION,9,0,2
KIDNAPPING,10,1,2
KIDNAPPING,15,0,2
KIDNAPPING,15,1,1
KIDNAPPING,18,0,1
KIDNAPPING,19,0,3
KIDNAPPING,2,0,4
KIDNAPPING,20,0,1
KIDNAPPING,21,1,1
KIDNAPPING,23,0,2
KIDNAPPING,25,0,2
KIDNAPPING,26,0,1
KIDNAPPING,27,0,2
KIDNAPPING,28,0,2
KIDNAPPING,28,1,1
KIDNAPPING,29,0,2
KIDNAPPING,29,1,1
KIDNAPPING,30,0,1
KIDNAPPING,33,0,1
KIDNAPPING,34,0,1
KIDNAPPING,35,1,2
KIDNAPPING,37,0,3
KIDNAPPING,38,0,2
KIDNAPPING,39,0,1
KIDNAPPING,4,0,1
KIDNAPPING,42,0,2
KIDNAPPING,43,0,4
KIDNAPPING,44,1,4
KIDNAPPING,46,0,1
KIDNAPPING,46,1,4
KIDNAPPING,48,0,1
KIDNAPPING,49,0,4
KIDNAPPING,51,0,1
KIDNAPPING,52,1,1
KIDNAPPING,54,0,1
KIDNAPPING,55,0,1
KIDNAPPING,56,1,1
KIDNAPPING,57,0,1
KIDNAPPING,57,1,1
KIDNAPPING,58,0,3
KIDNAPPING,59,0,1
KIDNAPPING,6,1,1
KIDNAPPING,60,0,1
KIDNAPPING,60,1,1
KIDNAPPING,63,0,4
KIDNAPPING,66,0,4
KIDNAPPING,66,1,3
KIDNAPPING,67,0,2
KIDNAPPING,67,1,1
KIDNAPPING,68,0,5
KIDNAPPING,68,1,1
KIDNAPPING,69,0,2
KIDNAPPING,69,1,2
KIDNAPPING,7,0,1
KIDNAPPING,71,0,5
KIDNAPPING,71,1,3
KIDNAPPING,72,1,1
KIDNAPPING,73,0,1
KIDNAPPING,74,0,1
KIDNAPPING,76,1,2
KIDNAPPING,77,0,1
KIDNAPPING,8,0,3
LIQUOR LAW VIOLATION,1,0,5
LIQUOR LAW VIOLATION,11,0,2
LIQUOR LAW VIOLATION,13,0,2
LIQUOR LAW VIOLATION,14,0,4
LIQUOR LAW VIOLATION,15,0,6
LIQUOR LAW VIOLATION,16,0,2
LIQUOR LAW VIOLATION,17,0,1
LIQUOR LAW VIOLATION,19,0,11
LIQUOR LAW VIOLATION,2,0,1
LIQUOR LAW VIOLATION,20,0,2
LIQUOR LAW VIOLATION,21,0,2
LIQUOR LAW VIOLATION,22,0,2
LIQUOR LAW VIOLATION,23,0,3
LIQUOR LAW VIOLATION,24,0,15
LIQUOR LAW VIOLATION,25,0,3
LIQUOR LAW VIOLATION,26,0,4
LIQUOR LAW VIOLATION,27,0,1
LIQUOR LAW VIOLATION,28,0,9
LIQUOR LAW VIOLATION,29,0,3
LIQUOR LAW VIOLATION,30,0,1
LIQUOR LAW VIOLATION,31,0,3
LIQUOR LAW VIOLATION,32,0,4
LIQUOR LAW VIOLATION,33,0,3
LIQUOR LAW VIOLATION,34,0,1
LIQUOR LAW VIOLATION,35,0,2
LIQUOR LAW VIOLATION,36,0,2
LIQUOR LAW VIOLATION,37,0,1
LIQUOR LAW VIOLATION,38,0,2
LIQUOR LAW VIOLATION,4,0,2
LIQUOR LAW VIOLATION,40,0,1
LIQUOR LAW VIOLATION,41,0,1
LIQUOR LAW VIOLATION,42,0,1
LIQUOR LAW VIOLATION,43,0,2
LIQUOR LAW VIOLATION,44,0,1
LIQUOR LAW VIOLATION,46,0,9
LIQUOR LAW VIOLATION,48,0,5
LIQUOR LAW VIOLATION,51,0,6
LIQUOR LAW VIOLATION,52,0,6
LIQUOR LAW VIOLATION,53,0,1
LIQUOR LAW VIOLATION,55,0,2
LIQUOR LAW VIOLATION,56,0,1
LIQUOR LAW VIOLATION,58,0,1
LIQUOR LAW VIOLATION,59,0,1
LIQUOR LAW VIOLATION,6,0,9
LIQUOR LAW VIOLATION,61,0,1
LIQUOR LAW VIOLATION,63,0,3
LIQUOR LAW VIOLATION,66,0,4
LIQUOR LAW VIOLATION,67,0,1
LIQUOR LAW VIOLATION,68,0,3
LIQUOR LAW VIOLATION,69,0,5
LIQUOR LAW VIOLATION,7,0,5
LIQUOR LAW VIOLATION,70,0,1
LIQUOR LAW VIOLATION,71,0,9
LIQUOR LAW VIOLATION,72,0,2
LIQUOR LAW VIOLATION,73,0,1
LIQUOR LAW VIOLATION,74,0,1
LIQUOR LAW VIOLATION,8,0,21
MOTOR VEHICLE THEFT,1,0,198
MOTOR VEHICLE THEFT,1,1,5
MOTOR VEHICLE THEFT,10,0,52
MOTOR VEHICLE THEFT,11,0,49
MOTOR VEHICLE THEFT,11,1,2
MOTOR VEHICLE THEFT,12,0,23
MOTOR VEHICLE THEFT,13,0,53
MOTOR VEHICLE THEFT,13,1,5
MOTOR VEHICLE THEFT,14,0,128
MOTOR VEHICLE THEFT,14,1,3
MOTOR VEHICLE THEFT,15,0,207
MOTOR VEHICLE THEFT,15,1,6
MOTOR VEHICLE THEFT,16,0,185
MOTOR VEHICLE THEFT,16,1,4
MOTOR VEHICLE THEFT,17,0,87
MOTOR VEHICLE THEFT,17,1,2
MOTOR VEHICLE THEFT,18,0,68
MOTOR VEHICLE THEFT,19,0,367
MOTOR VEHICLE THEFT,19,1,9
MOTOR VEHICLE THEFT,2,0,296
MOTOR VEHICLE THEFT,2,1,3
MOTOR VEHICLE THEFT,20,0,131
MOTOR VEHICLE THEFT,20,1,4
MOTOR VEHICLE THEFT,21,0,136
MOTOR VEHICLE THEFT,21,1,2
MOTOR VEHICLE THEFT,22,0,341
MOTOR VEHICLE THEFT,22,1,2
MOTOR VEHICLE THEFT,23,0,515
MOTOR VEHICLE THEFT,23,1,15
MOTOR VEHICLE THEFT,24,0,621
MOTOR VEHICLE THEFT,24,1,3
MOTOR VEHICLE THEFT,25,0,1320
MOTOR VEHICLE THEFT,25,1,24
MOTOR VEHICLE THEFT,26,0,329
MOTOR VEHICLE THEFT,26,1,9
MOTOR VEHICLE THEFT,27,0,359
MOTOR VEHICLE THEFT,27,1,9
MOTOR VEHICLE THEFT,28,0,787
MOTOR VEHICLE THEFT,28,1,11
MOTOR VEHICLE THEFT,29,0,503
MOTOR VEHICLE THEFT,29,1,16
MOTOR VEHICLE THEFT,3,0,214
MOTOR VEHICLE THEFT,3,1,1
MOTOR VEHICLE THEFT,30,0,206
MOTOR VEHICLE THEFT,30,1,7
MOTOR VEHICLE THEFT,31,0,229
MOTOR VEHICLE THEFT,31,1,2
MOTOR VEHICLE THEFT,32,0,460
MOTOR VEHICLE THEFT,32,1,3
MOTOR VEHICLE THEFT,33,0,345
MOTOR VEHICLE THEFT,33,1,1
MOTOR VEHICLE THEFT,34,0,85
MOTOR VEHICLE THEFT,34,1,1
MOTOR VEHICLE THEFT,35,0,391
MOTOR VEHICLE THEFT,35,1,7
MOTOR VEHICLE THEFT,36,0,126
MOTOR VEHICLE THEFT,36,1,1
MOTOR VEHICLE THEFT,37,0,59
MOTOR VEHICLE THEFT,38,0,505
MOTOR VEHICLE THEFT,38,1,4
MOTOR VEHICLE THEFT,39,0,252
MOTOR VEHICLE THEFT,39,1,2
MOTOR VEHICLE THEFT,4,0,94
MOTOR VEHICLE THEFT,4,1,1
MOTOR VEHICLE THEFT,40,0,317
MOTOR VEHICLE THEFT,40,1,3
MOTOR VEHICLE THEFT,41,0,227
MOTOR VEHICLE THEFT,42,0,384
MOTOR VEHICLE THEFT,42,1,1
MOTOR VEHICLE THEFT,43,0,1023
MOTOR VEHICLE THEFT,43,1,17
MOTOR VEHICLE THEFT,44,0,751
MOTOR VEHICLE THEFT,44,1,17
MOTOR VEHICLE THEFT,45,0,139
MOTOR VEHICLE THEFT,45,1,3
MOTOR VEHICLE THEFT,46,0,487
MOTOR VEHICLE THEFT,46,1,9
MOTOR VEHICLE THEFT,47,0,36
MOTOR VEHICLE THEFT,47,1,1
MOTOR VEHICLE THEFT,48,0,190
MOTOR VEHICLE THEFT,48,1,6
MOTOR VEHICLE THEFT,49,0,701
MOTOR VEHICLE THEFT,49,1,9
MOTOR VEHICLE THEFT,5,0,98
MOTOR VEHICLE THEFT,50,0,96
MOTOR VEHICLE THEFT,51,0,185
MOTOR VEHICLE THEFT,51,1,2
MOTOR VEHICLE THEFT,52,0,73
MOTOR VEHICLE THEFT,53,0,385
MOTOR VEHICLE THEFT,53,1,6
MOTOR VEHICLE THEFT,54,0,129
MOTOR VEHICLE THEFT,54,1,4
MOTOR VEHICLE THEFT,55,0,53
MOTOR VEHICLE THEFT,55,1,1
MOTOR VEHICLE THEFT,56,0,138
MOTOR VEHICLE THEFT,56,1,3
MOTOR VEHICLE THEFT,57,0,77
MOTOR VEHICLE THEFT,58,0,116
MOTOR VEHICLE THEFT,58,1,1
MOTOR VEHICLE THEFT,59,0,60
MOTOR VEHICLE THEFT,6,0,385
MOTOR VEHICLE THEFT,6,1,4
MOTOR VEHICLE THEFT,60,0,110
MOTOR VEHICLE THEFT,61,0,214
MOTOR VEHICLE THEFT,61,1,2
MOTOR VEHICLE THEFT,62,0,69
MOTOR VEHICLE THEFT,63,0,150
MOTOR VEHICLE THEFT,63,1,1
MOTOR VEHICLE THEFT,64,0,88
MOTOR VEHICLE THEFT,64,1,1
MOTOR VEHICLE THEFT,65,0,131
MOTOR VEHICLE THEFT,65,1,2
MOTOR VEHICLE THEFT,66,0,360
MOTOR VEHICLE THEFT,66,1,7
MOTOR VEHICLE THEFT,67,0,362
MOTOR VEHICLE THEFT,67,1,5
MOTOR VEHICLE THEFT,68,0,411
MOTOR VEHICLE THEFT,68,1,9
MOTOR VEHICLE THEFT,69,0,723
MOTOR VEHICLE THEFT,69,1,11
MOTOR VEHICLE THEFT,7,0,265
MOTOR VEHICLE THEFT,7,1,1
MOTOR VEHICLE THEFT,70,0,181
MOTOR VEHICLE THEFT,71,0,548
MOTOR VEHICLE THEFT,71,1,12
MOTOR VEHICLE THEFT,72,0,90
MOTOR VEHICLE THEFT,73,0,436
MOTOR VEHICLE THEFT,73,1,2
MOTOR VEHICLE THEFT,74,0,21
MOTOR VEHICLE THEFT,75,0,176
MOTOR VEHICLE THEFT,75,1,1
MOTOR VEHICLE THEFT,76,0,118
MOTOR VEHICLE THEFT,76,1,1
MOTOR VEHICLE THEFT,77,0,180
MOTOR VEHICLE THEFT,77,1,6
MOTOR VEHICLE THEFT,8,0,644
MOTOR VEHICLE THEFT,8,1,5
MOTOR VEHICLE THEFT,9,0,12
NARCOTICS,1,0,58
NARCOTICS,10,0,6
NARCOTICS,11,0,9
NARCOTICS,11,1,1
NARCOTICS,12,0,6
NARCOTICS,13,0,10
NARCOTICS,14,0,51
NARCOTICS,15,0,58
NARCOTICS,15,1,1
NARCOTICS,16,0,67
NARCOTICS,16,1,1
NARCOTICS,17,0,11
NARCOTICS,18,0,2
NARCOTICS,19,0,64
NARCOTICS,2,0,35
NARCOTICS,2,1,1
NARCOTICS,20,0,25
NARCOTICS,20,1,1
NARCOTICS,21,0,19
NARCOTICS,22,0,24
NARCOTICS,23,0,530
NARCOTICS,24,0,71
NARCOTICS,24,1,1
NARCOTICS,25,0,478
NARCOTICS,25,1,1
NARCOTICS,26,0,361
NARCOTICS,27,0,183
NARCOTICS,28,0,107
NARCOTICS,29,0,396
NARCOTICS,3,0,24
NARCOTICS,30,0,66
NARCOTICS,31,0,37
NARCOTICS,31,1,1
NARCOTICS,32,0,67
NARCOTICS,32,1,1
NARCOTICS,33,0,19
NARCOTICS,34,0,13
NARCOTICS,35,0,31
NARCOTICS,36,0,4
NARCOTICS,37,0,14
NARCOTICS,38,0,47
NARCOTICS,39,0,13
NARCOTICS,4,0,11
NARCOTICS,40,0,25
NARCOTICS,41,0,9
NARCOTICS,42,0,26
NARCOTICS,43,0,86
NARCOTICS,43,1,2
NARCOTICS,44,0,34
NARCOTICS,44,1,1
NARCOTICS,45,0,11
NARCOTICS,45,1,1
NARCOTICS,46,0,34
NARCOTICS,47,0,1
NARCOTICS,48,0,7
NARCOTICS,49,0,81
NARCOTICS,49,1,1
NARCOTICS,5,0,5
NARCOTICS,5,1,1
NARCOTICS,50,0,6
NARCOTICS,51,0,14
NARCOTICS,52,0,6
NARCOTICS,53,0,41
NARCOTICS,54,0,8
NARCOTICS,55,0,2
NARCOTICS,56,0,12
NARCOTICS,57,0,5
NARCOTICS,58,0,12
NARCOTICS,59,0,12
NARCOTICS,6,0,18
NARCOTICS,6,1,1
NARCOTICS,60,0,8
NARCOTICS,61,0,45
NARCOTICS,62,0,7
NARCOTICS,63,0,20
NARCOTICS,64,0,3
NARCOTICS,65,0,9
NARCOTICS,66,0,78
NARCOTICS,67,0,88
NARCOTICS,68,0,55
NARCOTICS,69,0,51
NARCOTICS,7,0,8
NARCOTICS,70,0,7
NARCOTICS,70,1,1
NARCOTICS,71,0,36
NARCOTICS,71,1,1
NARCOTICS,72,0,2
NARCOTICS,73,0,30
NARCOTICS,74,0,12
NARCOTICS,75,0,21
NARCOTICS,76,0,27
NARCOTICS,77,0,13
NARCOTICS,8,0,122
NARCOTICS,8,1,2
NARCOTICS,9,0,1
NON-CRIMINAL,48,0,1
NON-CRIMINAL,49,0,1
NON-CRIMINAL,50,0,1
NON-CRIMINAL,8,0,2
OBSCENITY,1,0,1
OBSCENITY,10,0,1
OBSCENITY,11,0,1
OBSCENITY,14,0,1
OBSCENITY,14,1,1
OBSCENITY,19,0,1
OBSCENITY,2,0,2
OBSCENITY,2,1,1
OBSCENITY,20,0,1
OBSCENITY,24,0,1
OBSCENITY,28,0,1
OBSCENITY,28,1,1
OBSCENITY,31,0,3
OBSCENITY,32,0,2
OBSCENITY,34,0,1
OBSCENITY,37,0,1
OBSCENITY,39,0,1
OBSCENITY,4,0,1
OBSCENITY,43,0,1
OBSCENITY,5,0,3
OBSCENITY,53,0,1
OBSCENITY,55,0,1
OBSCENITY,56,0,2
OBSCENITY,6,0,1
OBSCENITY,6,1,1
OBSCENITY,60,0,1
OBSCENITY,60,1,1
OBSCENITY,61,0,1
OBSCENITY,63,0,2
OBSCENITY,65,0,2
OBSCENITY,66,1,1
OBSCENITY,67,0,1
OBSCENITY,7,0,1
OBSCENITY,71,1,1
OBSCENITY,73,0,1
OBSCENITY,74,0,1
OBSCENITY,75,1,1
OBSCENITY,8,0,1
OFFENSE INVOLVING CHILDREN,1,0,12
OFFENSE INVOLVING CHILDREN,1,1,13
OFFENSE INVOLVING CHILDREN,10,0,4
OFFENSE INVOLVING CHILDREN,10,1,2
OFFENSE INVOLVING CHILDREN,11,0,3
OFFENSE INVOLVING CHILDREN,11,1,3
OFFENSE INVOLVING CHILDREN,12,0,3
OFFENSE INVOLVING CHILDREN,12,1,4
OFFENSE INVOLVING CHILDREN,13,0,4
OFFENSE INVOLVING CHILDREN,13,1,5
OFFENSE INVOLVING CHILDREN,14,0,12
OFFENSE INVOLVING CHILDREN,14,1,17
OFFENSE INVOLVING CHILDREN,15,0,12
OFFENSE INVOLVING CHILDREN,15,1,20
OFFENSE INVOLVING CHILDREN,16,0,9
OFFENSE INVOLVING CHILDREN,16,1,12
OFFENSE INVOLVING CHILDREN,17,0,9
OFFENSE INVOLVING CHILDREN,17,1,4
OFFENSE INVOLVING CHILDREN,18,0,5
OFFENSE INVOLVING CHILDREN,18,1,4
OFFENSE INVOLVING CHILDREN,19,0,18
OFFENSE INVOLVING CHILDREN,19,1,28
OFFENSE INVOLVING CHILDREN,2,0,7
OFFENSE INVOLVING CHILDREN,2,1,15
OFFENSE INVOLVING CHILDREN,20,0,14
OFFENSE INVOLVING CHILDREN,20,1,13
OFFENSE INVOLVING CHILDREN,21,0,7
OFFENSE INVOLVING CHILDREN,21,1,9
OFFENSE INVOLVING CHILDREN,22,0,13
OFFENSE INVOLVING CHILDREN,22,1,13
OFFENSE INVOLVING CHILDREN,23,0,23
OFFENSE INVOLVING CHILDREN,23,1,20
OFFENSE INVOLVING CHILDREN,24,0,17
OFFENSE INVOLVING CHILDREN,24,1,11
OFFENSE INVOLVING CHILDREN,25,0,44
OFFENSE INVOLVING CHILDREN,25,1,67
OFFENSE INVOLVING CHILDREN,26,0,5
OFFENSE INVOLVING CHILDREN,26,1,15
OFFENSE INVOLVING CHILDREN,27,0,7
OFFENSE INVOLVING CHILDREN,27,1,14
OFFENSE INVOLVING CHILDREN,28,0,15
OFFENSE INVOLVING CHILDREN,28,1,16
OFFENSE INVOLVING CHILDREN,29,0,22
OFFENSE INVOLVING CHILDREN,29,1,42
OFFENSE INVOLVING CHILDREN,3,0,3
OFFENSE INVOLVING CHILDREN,3,1,8
OFFENSE INVOLVING CHILDREN,30,0,25
OFFENSE INVOLVING CHILDREN,30,1,29
OFFENSE INVOLVING CHILDREN,31,0,3
OFFENSE INVOLVING CHILDREN,31,1,6
OFFENSE INVOLVING CHILDREN,32,0,6
OFFENSE INVOLVING CHILDREN,32,1,2
OFFENSE INVOLVING CHILDREN,33,0,3
OFFENSE INVOLVING CHILDREN,33,1,3
OFFENSE INVOLVING CHILDREN,34,0,3
OFFENSE INVOLVING CHILDREN,34,1,3
OFFENSE INVOLVING CHILDREN,35,0,8
OFFENSE INVOLVING CHILDREN,35,1,11
OFFENSE INVOLVING CHILDREN,36,0,4
OFFENSE INVOLVING CHILDREN,36,1,8
OFFENSE INVOLVING CHILDREN,37,0,2
OFFENSE INVOLVING CHILDREN,37,1,3
OFFENSE INVOLVING CHILDREN,38,0,9
OFFENSE INVOLVING CHILDREN,38,1,8
OFFENSE INVOLVING CHILDREN,39,0,1
OFFENSE INVOLVING CHILDREN,39,1,8
OFFENSE INVOLVING CHILDREN,4,0,3
OFFENSE INVOLVING CHILDREN,4,1,4
OFFENSE INVOLVING CHILDREN,40,0,13
OFFENSE INVOLVING CHILDREN,40,1,18
OFFENSE INVOLVING CHILDREN,41,0,1
OFFENSE INVOLVING CHILDREN,41,1,3
OFFENSE INVOLVING CHILDREN,42,0,20
OFFENSE INVOLVING CHILDREN,42,1,21
OFFENSE INVOLVING CHILDREN,43,0,37
OFFENSE INVOLVING CHILDREN,43,1,48
OFFENSE INVOLVING CHILDREN,44,0,23
OFFENSE INVOLVING CHILDREN,44,1,26
OFFENSE INVOLVING CHILDREN,45,0,4
OFFENSE INVOLVING CHILDREN,45,1,15
OFFENSE INVOLVING CHILDREN,46,0,25
OFFENSE INVOLVING CHILDREN,46,1,23
OFFENSE INVOLVING CHILDREN,47,0,1
OFFENSE INVOLVING CHILDREN,47,1,1
OFFENSE INVOLVING CHILDREN,48,0,5
OFFENSE INVOLVING CHILDREN,48,1,12
OFFENSE INVOLVING CHILDREN,49,0,31
OFFENSE INVOLVING CHILDREN,49,1,40
OFFENSE INVOLVING CHILDREN,5,0,2
OFFENSE INVOLVING CHILDREN,5,1,2
OFFENSE INVOLVING CHILDREN,50,0,4
OFFENSE INVOLVING CHILDREN,50,1,12
OFFENSE INVOLVING CHILDREN,51,0,8
OFFENSE INVOLVING CHILDREN,51,1,9
OFFENSE INVOLVING CHILDREN,52,0,5
OFFENSE INVOLVING CHILDREN,52,1,11
OFFENSE INVOLVING CHILDREN,53,0,12
OFFENSE INVOLVING CHILDREN,53,1,21
OFFENSE INVOLVING CHILDREN,54,0,4
OFFENSE INVOLVING CHILDREN,54,1,15
OFFENSE INVOLVING CHILDREN,55,0,3
OFFENSE INVOLVING CHILDREN,55,1,5
OFFENSE INVOLVING CHILDREN,56,0,9
OFFENSE INVOLVING CHILDREN,56,1,3
OFFENSE INVOLVING CHILDREN,57,0,1
OFFENSE INVOLVING CHILDREN,57,1,1
OFFENSE INVOLVING CHILDREN,58,0,25
OFFENSE INVOLVING CHILDREN,58,1,13
OFFENSE INVOLVING CHILDREN,59,0,2
OFFENSE INVOLVING CHILDREN,59,1,2
OFFENSE INVOLVING CHILDREN,6,0,4
OFFENSE INVOLVING CHILDREN,6,1,6
OFFENSE INVOLVING CHILDREN,60,0,6
OFFENSE INVOLVING CHILDREN,60,1,4
OFFENSE INVOLVING CHILDREN,61,0,15
OFFENSE INVOLVING CHILDREN,61,1,18
OFFENSE INVOLVING CHILDREN,62,0,3
OFFENSE INVOLVING CHILDREN,62,1,7
OFFENSE INVOLVING CHILDREN,63,0,12
OFFENSE INVOLVING CHILDREN,63,1,19
OFFENSE INVOLVING CHILDREN,64,0,3
OFFENSE INVOLVING CHILDREN,64,1,10
OFFENSE INVOLVING CHILDREN,65,0,7
OFFENSE INVOLVING CHILDREN,65,1,4
OFFENSE INVOLVING CHILDREN,66,0,26
OFFENSE INVOLVING CHILDREN,66,1,23
OFFENSE INVOLVING CHILDREN,67,0,18
OFFENSE INVOLVING CHILDREN,67,1,27
OFFENSE INVOLVING CHILDREN,68,0,35
OFFENSE INVOLVING CHILDREN,68,1,27
OFFENSE INVOLVING CHILDREN,69,0,28
OFFENSE INVOLVING CHILDREN,69,1,40
OFFENSE INVOLVING CHILDREN,7,0,1
OFFENSE INVOLVING CHILDREN,7,1,5
OFFENSE INVOLVING CHILDREN,70,0,10
OFFENSE INVOLVING CHILDREN,70,1,14
OFFENSE INVOLVING CHILDREN,71,0,29
OFFENSE INVOLVING CHILDREN,71,1,34
OFFENSE INVOLVING CHILDREN,72,0,4
OFFENSE INVOLVING CHILDREN,72,1,8
OFFENSE INVOLVING CHILDREN,73,0,15
OFFENSE INVOLVING CHILDREN,73,1,18
OFFENSE INVOLVING CHILDREN,74,0,2
OFFENSE INVOLVING CHILDREN,74,1,3
OFFENSE INVOLVING CHILDREN,75,0,11
OFFENSE INVOLVING CHILDREN,75,1,19
OFFENSE INVOLVING CHILDREN,76,0,4
OFFENSE INVOLVING CHILDREN,76,1,3
OFFENSE INVOLVING CHILDREN,77,0,5
OFFENSE INVOLVING CHILDREN,77,1,4
OFFENSE INVOLVING CHILDREN,8,0,11
OFFENSE INVOLVING CHILDREN,8,1,14
OFFENSE INVOLVING CHILDREN,9,0,2
OFFENSE INVOLVING CHILDREN,9,1,5
OTHER NARCOTIC VIOLATION,1,0,1
OTHER NARCOTIC VIOLATION,11,0,1
OTHER NARCOTIC VIOLATION,22,0,1
OTHER NARCOTIC VIOLATION,23,0,1
OTHER NARCOTIC VIOLATION,32,0,2
OTHER NARCOTIC VIOLATION,8,1,1
OTHER OFFENSE,1,0,163
OTHER OFFENSE,1,1,82
OTHER OFFENSE,10,0,73
OTHER OFFENSE,10,1,30
OTHER OFFENSE,11,0,47
OTHER OFFENSE,11,1,41
OTHER OFFENSE,12,0,19
OTHER OFFENSE,12,1,8
OTHER OFFENSE,13,0,32
OTHER OFFENSE,13,1,15
OTHER OFFENSE,14,0,116
OTHER OFFENSE,14,1,44
OTHER OFFENSE,15,0,219
OTHER OFFENSE,15,1,77
OTHER OFFENSE,16,0,147
OTHER OFFENSE,16,1,63
OTHER OFFENSE,17,0,97
OTHER OFFENSE,17,1,61
OTHER OFFENSE,18,0,39
OTHER OFFENSE,18,1,18
OTHER OFFENSE,19,0,239
OTHER OFFENSE,19,1,137
OTHER OFFENSE,2,0,133
OTHER OFFENSE,2,1,74
OTHER OFFENSE,20,0,76
OTHER OFFENSE,20,1,21
OTHER OFFENSE,21,0,86
OTHER OFFENSE,21,1,38
OTHER OFFENSE,22,0,158
OTHER OFFENSE,22,1,94
OTHER OFFENSE,23,0,297
OTHER OFFENSE,23,1,139
OTHER OFFENSE,24,0,255
OTHER OFFENSE,24,1,75
OTHER OFFENSE,25,0,513
OTHER OFFENSE,25,1,297
OTHER OFFENSE,26,0,118
OTHER OFFENSE,26,1,67
OTHER OFFENSE,27,0,129
OTHER OFFENSE,27,1,104
OTHER OFFENSE,28,0,335
OTHER OFFENSE,28,1,130
OTHER OFFENSE,29,0,252
OTHER OFFENSE,29,1,149
OTHER OFFENSE,3,0,119
OTHER OFFENSE,3,1,85
OTHER OFFENSE,30,0,173
OTHER OFFENSE,30,1,82
OTHER OFFENSE,31,0,89
OTHER OFFENSE,31,1,47
OTHER OFFENSE,32,0,208
OTHER OFFENSE,32,1,41
OTHER OFFENSE,33,0,100
OTHER OFFENSE,33,1,34
OTHER OFFENSE,34,0,25
OTHER OFFENSE,34,1,14
OTHER OFFENSE,35,0,117
OTHER OFFENSE,35,1,76
OTHER OFFENSE,36,0,33
OTHER OFFENSE,36,1,28
OTHER OFFENSE,37,0,24
OTHER OFFENSE,37,1,8
OTHER OFFENSE,38,0,158
OTHER OFFENSE,38,1,95
OTHER OFFENSE,39,0,70
OTHER OFFENSE,39,1,41
OTHER OFFENSE,4,0,79
OTHER OFFENSE,4,1,38
OTHER OFFENSE,40,0,103
OTHER OFFENSE,40,1,74
OTHER OFFENSE,41,0,85
OTHER OFFENSE,41,1,34
OTHER OFFENSE,42,0,116
OTHER OFFENSE,42,1,78
OTHER OFFENSE,43,0,278
OTHER OFFENSE,43,1,197
OTHER OFFENSE,44,0,216
OTHER OFFENSE,44,1,121
OTHER OFFENSE,45,0,57
OTHER OFFENSE,45,1,31
OTHER OFFENSE,46,0,182
OTHER OFFENSE,46,1,142
OTHER OFFENSE,47,0,9
OTHER OFFENSE,47,1,13
OTHER OFFENSE,48,0,53
OTHER OFFENSE,48,1,40
OTHER OFFENSE,49,0,244
OTHER OFFENSE,49,1,150
OTHER OFFENSE,5,0,58
OTHER OFFENSE,5,1,20
OTHER OFFENSE,50,0,54
OTHER OFFENSE,50,1,28
OTHER OFFENSE,51,0,52
OTHER OFFENSE,51,1,55
OTHER OFFENSE,52,0,36
OTHER OFFENSE,52,1,69
OTHER OFFENSE,53,0,139
OTHER OFFENSE,53,1,116
OTHER OFFENSE,54,0,45
OTHER OFFENSE,54,1,49
OTHER OFFENSE,55,0,38
OTHER OFFENSE,55,1,23
OTHER OFFENSE,56,0,68
OTHER OFFENSE,56,1,43
OTHER OFFENSE,57,0,31
OTHER OFFENSE,57,1,21
OTHER OFFENSE,58,0,72
OTHER OFFENSE,58,1,68
OTHER OFFENSE,59,0,23
OTHER OFFENSE,59,1,16
OTHER OFFENSE,6,0,144
OTHER OFFENSE,6,1,67
OTHER OFFENSE,60,0,53
OTHER OFFENSE,60,1,26
OTHER OFFENSE,61,0,135
OTHER OFFENSE,61,1,91
OTHER OFFENSE,62,0,32
OTHER OFFENSE,62,1,28
OTHER OFFENSE,63,0,89
OTHER OFFENSE,63,1,40
OTHER OFFENSE,64,0,54
OTHER OFFENSE,64,1,41
OTHER OFFENSE,65,0,48
OTHER OFFENSE,65,1,45
OTHER OFFENSE,66,0,203
OTHER OFFENSE,66,1,139
OTHER OFFENSE,67,0,188
OTHER OFFENSE,67,1,107
OTHER OFFENSE,68,0,195
OTHER OFFENSE,68,1,121
OTHER OFFENSE,69,0,228
OTHER OFFENSE,69,1,135
OTHER OFFENSE,7,0,80
OTHER OFFENSE,7,1,38
OTHER OFFENSE,70,0,84
OTHER OFFENSE,70,1,61
OTHER OFFENSE,71,0,262
OTHER OFFENSE,71,1,181
OTHER OFFENSE,72,0,43
OTHER OFFENSE,72,1,26
OTHER OFFENSE,73,0,116
OTHER OFFENSE,73,1,84
OTHER OFFENSE,74,0,23
OTHER OFFENSE,74,1,22
OTHER OFFENSE,75,0,72
OTHER OFFENSE,75,1,44
OTHER OFFENSE,76,0,65
OTHER OFFENSE,76,1,29
OTHER OFFENSE,77,0,101
OTHER OFFENSE,77,1,31
OTHER OFFENSE,8,0,241
OTHER OFFENSE,8,1,76
OTHER OFFENSE,9,0,18
OTHER OFFENSE,9,1,9
PROSTITUTION,16,0,1
PROSTITUTION,23,0,3
PROSTITUTION,25,0,94
PROSTITUTION,26,0,107
PROSTITUTION,27,0,1
PROSTITUTION,29,0,11
PROSTITUTION,53,0,1
PROSTITUTION,56,0,51
PROSTITUTION,57,0,2
PROSTITUTION,60,0,1
PROSTITUTION,67,0,7
PROSTITUTION,8,0,4
PUBLIC INDECENCY,24,0,1
PUBLIC INDECENCY,32,0,2
PUBLIC INDECENCY,39,0,1
PUBLIC INDECENCY,49,0,1
PUBLIC PEACE VIOLATION,1,0,9
PUBLIC PEACE VIOLATION,10,0,2
PUBLIC PEACE VIOLATION,11,0,1
PUBLIC PEACE VIOLATION,11,1,1
PUBLIC PEACE VIOLATION,12,0,3
PUBLIC PEACE VIOLATION,13,0,4
PUBLIC PEACE VIOLATION,14,0,4
PUBLIC PEACE VIOLATION,15,0,7
PUBLIC PEACE VIOLATION,15,1,1
PUBLIC PEACE VIOLATION,16,0,5
PUBLIC PEACE VIOLATION,17,0,2
PUBLIC PEACE VIOLATION,17,1,1
PUBLIC PEACE VIOLATION,18,0,1
PUBLIC PEACE VIOLATION,19,0,13
PUBLIC PEACE VIOLATION,19,1,3
PUBLIC PEACE VIOLATION,2,0,7
PUBLIC PEACE VIOLATION,20,0,6
PUBLIC PEACE VIOLATION,20,1,1
PUBLIC PEACE VIOLATION,21,0,5
PUBLIC PEACE VIOLATION,22,0,11
PUBLIC PEACE VIOLATION,22,1,1
PUBLIC PEACE VIOLATION,23,0,19
PUBLIC PEACE VIOLATION,23,1,6
PUBLIC PEACE VIOLATION,24,0,18
PUBLIC PEACE VIOLATION,25,0,35
PUBLIC PEACE VIOLATION,25,1,6
PUBLIC PEACE VIOLATION,26,0,14
PUBLIC PEACE VIOLATION,26,1,1
PUBLIC PEACE VIOLATION,27,0,14
PUBLIC PEACE VIOLATION,27,1,1
PUBLIC PEACE VIOLATION,28,0,30
PUBLIC PEACE VIOLATION,29,0,14
PUBLIC PEACE VIOLATION,29,1,4
PUBLIC PEACE VIOLATION,3,0,7
PUBLIC PEACE VIOLATION,30,0,17
PUBLIC PEACE VIOLATION,31,0,9
PUBLIC PEACE VIOLATION,32,0,50
PUBLIC PEACE VIOLATION,32,1,1
PUBLIC PEACE VIOLATION,33,0,8
PUBLIC PEACE VIOLATION,34,0,12
PUBLIC PEACE VIOLATION,34,1,1
PUBLIC PEACE VIOLATION,35,0,14
PUBLIC PEACE VIOLATION,38,0,11
PUBLIC PEACE VIOLATION,39,0,1
PUBLIC PEACE VIOLATION,4,0,5
PUBLIC PEACE VIOLATION,40,0,3
PUBLIC PEACE VIOLATION,41,0,2
PUBLIC PEACE VIOLATION,42,0,12
PUBLIC PEACE VIOLATION,43,0,15
PUBLIC PEACE VIOLATION,43,1,3
PUBLIC PEACE VIOLATION,44,0,13
PUBLIC PEACE VIOLATION,44,1,2
PUBLIC PEACE VIOLATION,45,0,1
PUBLIC PEACE VIOLATION,46,0,8
PUBLIC PEACE VIOLATION,47,1,2
PUBLIC PEACE VIOLATION,48,0,3
PUBLIC PEACE VIOLATION,49,0,19
PUBLIC PEACE VIOLATION,49,1,2
PUBLIC PEACE VIOLATION,5,0,5
PUBLIC PEACE VIOLATION,50,0,5
PUBLIC PEACE VIOLATION,51,0,3
PUBLIC PEACE VIOLATION,52,0,2
PUBLIC PEACE VIOLATION,53,0,9
PUBLIC PEACE VIOLATION,54,0,3
PUBLIC PEACE VIOLATION,55,0,2
PUBLIC PEACE VIOLATION,56,0,5
PUBLIC PEACE VIOLATION,57,0,2
PUBLIC PEACE VIOLATION,58,0,3
PUBLIC PEACE VIOLATION,6,0,19
PUBLIC PEACE VIOLATION,6,1,1
PUBLIC PEACE VIOLATION,60,0,4
PUBLIC PEACE VIOLATION,61,0,10
PUBLIC PEACE VIOLATION,62,0,5
PUBLIC PEACE VIOLATION,62,1,1
PUBLIC PEACE VIOLATION,63,0,1
PUBLIC PEACE VIOLATION,63,1,1
PUBLIC PEACE VIOLATION,64,0,2
PUBLIC PEACE VIOLATION,65,0,4
PUBLIC PEACE VIOLATION,66,0,5
PUBLIC PEACE VIOLATION,67,0,7
PUBLIC PEACE VIOLATION,67,1,2
PUBLIC PEACE VIOLATION,68,0,11
PUBLIC PEACE VIOLATION,68,1,1
PUBLIC PEACE VIOLATION,69,0,14
PUBLIC PEACE VIOLATION,69,1,1
PUBLIC PEACE VIOLATION,7,0,16
PUBLIC PEACE VIOLATION,70,0,4
PUBLIC PEACE VIOLATION,71,0,15
PUBLIC PEACE VIOLATION,71,1,2
PUBLIC PEACE VIOLATION,72,0,1
PUBLIC PEACE VIOLATION,73,0,3
PUBLIC PEACE VIOLATION,73,1,1
PUBLIC PEACE VIOLATION,74,0,1
PUBLIC PEACE VIOLATION,75,0,6
PUBLIC PEACE VIOLATION,75,1,2
PUBLIC PEACE VIOLATION,76,0,22
PUBLIC PEACE VIOLATION,8,0,31
PUBLIC PEACE VIOLATION,8,1,1
PUBLIC PEACE VIOLATION,9,0,1
ROBBERY,1,0,135
ROBBERY,1,1,1
ROBBERY,10,0,23
ROBBERY,11,0,16
ROBBERY,11,1,1
ROBBERY,12,0,2
ROBBERY,13,0,22
ROBBERY,14,0,43
ROBBERY,14,1,1
ROBBERY,15,0,63
ROBBERY,16,0,60
ROBBERY,17,0,12
ROBBERY,17,1,1
ROBBERY,18,0,14
ROBBERY,19,0,106
ROBBERY,19,1,1
ROBBERY,2,0,131
ROBBERY,2,1,3
ROBBERY,20,0,41
ROBBERY,21,0,89
ROBBERY,22,0,199
ROBBERY,22,1,1
ROBBERY,23,0,354
ROBBERY,23,1,9
ROBBERY,24,0,407
ROBBERY,25,0,506
ROBBERY,25,1,10
ROBBERY,26,0,221
ROBBERY,26,1,8
ROBBERY,27,0,129
ROBBERY,27,1,6
ROBBERY,28,0,357
ROBBERY,28,1,4
ROBBERY,29,0,288
ROBBERY,29,1,8
ROBBERY,3,0,110
ROBBERY,3,1,2
ROBBERY,30,0,188
ROBBERY,30,1,2
ROBBERY,31,0,111
ROBBERY,31,1,3
ROBBERY,32,0,296
ROBBERY,32,1,3
ROBBERY,33,0,60
ROBBERY,33,1,1
ROBBERY,34,0,118
ROBBERY,35,0,68
ROBBERY,35,1,2
ROBBERY,36,0,20
ROBBERY,36,1,1
ROBBERY,37,0,29
ROBBERY,37,1,1
ROBBERY,38,0,111
ROBBERY,38,1,7
ROBBERY,39,0,57
ROBBERY,39,1,1
ROBBERY,4,0,36
ROBBERY,40,0,73
ROBBERY,40,1,3
ROBBERY,41,0,129
ROBBERY,41,1,1
ROBBERY,42,0,110
ROBBERY,42,1,6
ROBBERY,43,0,283
ROBBERY,43,1,15
ROBBERY,44,0,237
ROBBERY,44,1,6
ROBBERY,45,0,41
ROBBERY,46,0,129
ROBBERY,46,1,3
ROBBERY,47,0,3
ROBBERY,47,1,1
ROBBERY,48,0,94
ROBBERY,48,1,2
ROBBERY,49,0,203
ROBBERY,49,1,7
ROBBERY,5,0,38
ROBBERY,50,0,28
ROBBERY,50,1,2
ROBBERY,51,0,53
ROBBERY,51,1,1
ROBBERY,52,0,38
ROBBERY,52,1,1
ROBBERY,53,0,84
ROBBERY,53,1,2
ROBBERY,54,0,43
ROBBERY,55,0,8
ROBBERY,56,0,23
ROBBERY,56,1,1
ROBBERY,57,0,32
ROBBERY,58,0,111
ROBBERY,58,1,2
ROBBERY,59,0,28
ROBBERY,6,0,207
ROBBERY,6,1,1
ROBBERY,60,0,49
ROBBERY,60,1,1
ROBBERY,61,0,192
ROBBERY,61,1,4
ROBBERY,62,0,32
ROBBERY,63,0,97
ROBBERY,63,1,2
ROBBERY,64,0,18
ROBBERY,65,0,62
ROBBERY,65,1,2
ROBBERY,66,0,223
ROBBERY,66,1,3
ROBBERY,67,0,220
ROBBERY,67,1,4
ROBBERY,68,0,182
ROBBERY,68,1,8
ROBBERY,69,0,249
ROBBERY,69,1,5
ROBBERY,7,0,119
ROBBERY,7,1,2
ROBBERY,70,0,55
ROBBERY,70,1,1
ROBBERY,71,0,218
ROBBERY,71,1,10
ROBBERY,72,0,26
ROBBERY,72,1,2
ROBBERY,73,0,122
ROBBERY,73,1,5
ROBBERY,74,0,16
ROBBERY,75,0,44
ROBBERY,75,1,2
ROBBERY,76,0,11
ROBBERY,77,0,93
ROBBERY,77,1,1
ROBBERY,8,0,337
ROBBERY,8,1,2
ROBBERY,9,0,1
SEX OFFENSE,1,0,29
SEX OFFENSE,1,1,6
SEX OFFENSE,10,0,8
SEX OFFENSE,11,0,8
SEX OFFENSE,11,1,2
SEX OFFENSE,12,0,2
SEX OFFENSE,13,0,7
SEX OFFENSE,13,1,2
SEX OFFENSE,14,0,14
SEX OFFENSE,14,1,8
SEX OFFENSE,15,0,21
SEX OFFENSE,15,1,4
SEX OFFENSE,16,0,25
SEX OFFENSE,16,1,3
SEX OFFENSE,17,0,10
SEX OFFENSE,17,1,3
SEX OFFENSE,18,0,2
SEX OFFENSE,18,1,1
SEX OFFENSE,19,0,12
SEX OFFENSE,19,1,11
SEX OFFENSE,2,0,42
SEX OFFENSE,2,1,1
SEX OFFENSE,20,0,4
SEX OFFENSE,20,1,5
SEX OFFENSE,21,0,10
SEX OFFENSE,21,1,5
SEX OFFENSE,22,0,22
SEX OFFENSE,22,1,4
SEX OFFENSE,23,0,24
SEX OFFENSE,23,1,4
SEX OFFENSE,24,0,31
SEX OFFENSE,24,1,3
SEX OFFENSE,25,0,40
SEX OFFENSE,25,1,11
SEX OFFENSE,26,0,14
SEX OFFENSE,26,1,3
SEX OFFENSE,27,0,13
SEX OFFENSE,27,1,8
SEX OFFENSE,28,0,27
SEX OFFENSE,28,1,4
SEX OFFENSE,29,0,23
SEX OFFENSE,29,1,2
SEX OFFENSE,3,0,21
SEX OFFENSE,3,1,5
SEX OFFENSE,30,0,16
SEX OFFENSE,30,1,7
SEX OFFENSE,31,0,17
SEX OFFENSE,31,1,2
SEX OFFENSE,32,0,45
SEX OFFENSE,33,0,6
SEX OFFENSE,33,1,5
SEX OFFENSE,34,0,2
SEX OFFENSE,34,1,1
SEX OFFENSE,35,0,7
SEX OFFENSE,35,1,1
SEX OFFENSE,37,0,5
SEX OFFENSE,38,0,9
SEX OFFENSE,38,1,1
SEX OFFENSE,39,0,5
SEX OFFENSE,39,1,1
SEX OFFENSE,4,0,10
SEX OFFENSE,40,0,8
SEX OFFENSE,40,1,3
SEX OFFENSE,41,0,6
SEX OFFENSE,41,1,2
SEX OFFENSE,42,0,10
SEX OFFENSE,42,1,5
SEX OFFENSE,43,0,21
SEX OFFENSE,43,1,7
SEX OFFENSE,44,0,7
SEX OFFENSE,44,1,13
SEX OFFENSE,45,0,4
SEX OFFENSE,46,0,16
SEX OFFENSE,46,1,3
SEX OFFENSE,47,0,1
SEX OFFENSE,48,0,3
SEX OFFENSE,48,1,2
SEX OFFENSE,49,0,12
SEX OFFENSE,49,1,7
SEX OFFENSE,5,0,7
SEX OFFENSE,50,0,4
SEX OFFENSE,50,1,2
SEX OFFENSE,51,0,4
SEX OFFENSE,51,1,2
SEX OFFENSE,52,0,3
SEX OFFENSE,52,1,2
SEX OFFENSE,53,0,8
SEX OFFENSE,53,1,2
SEX OFFENSE,54,0,2
SEX OFFENSE,54,1,3
SEX OFFENSE,55,0,3
SEX OFFENSE,55,1,1
SEX OFFENSE,56,0,8
SEX OFFENSE,56,1,3
SEX OFFENSE,57,0,5
SEX OFFENSE,57,1,1
SEX OFFENSE,58,0,8
SEX OFFENSE,59,0,1
SEX OFFENSE,6,0,25
SEX OFFENSE,60,0,4
SEX OFFENSE,60,1,1
SEX OFFENSE,61,0,12
SEX OFFENSE,61,1,8
SEX OFFENSE,62,0,4
SEX OFFENSE,62,1,1
SEX OFFENSE,63,0,14
SEX OFFENSE,63,1,4
SEX OFFENSE,64,0,8
SEX OFFENSE,64,1,1
SEX OFFENSE,65,0,7
SEX OFFENSE,65,1,3
SEX OFFENSE,66,0,13
SEX OFFENSE,66,1,5
SEX OFFENSE,67,0,14
SEX OFFENSE,67,1,4
SEX OFFENSE,68,0,9
SEX OFFENSE,68,1,4
SEX OFFENSE,69,0,18
SEX OFFENSE,69,1,4
SEX OFFENSE,7,0,21
SEX OFFENSE,7,1,2
SEX OFFENSE,70,0,7
SEX OFFENSE,70,1,2
SEX OFFENSE,71,0,20
SEX OFFENSE,71,1,3
SEX OFFENSE,72,0,1
SEX OFFENSE,72,1,1
SEX OFFENSE,73,0,13
SEX OFFENSE,73,1,5
SEX OFFENSE,74,0,5
SEX OFFENSE,74,1,1
SEX OFFENSE,75,0,7
SEX OFFENSE,75,1,1
SEX OFFENSE,76,0,6
SEX OFFENSE,76,1,1
SEX OFFENSE,77,0,18
SEX OFFENSE,77,1,2
SEX OFFENSE,8,0,57
SEX OFFENSE,8,1,2
SEX OFFENSE,9,0,2
STALKING,1,0,6
STALKING,1,1,4
STALKING,11,0,7
STALKING,13,1,1
STALKING,14,0,2
STALKING,14,1,1
STALKING,15,0,8
STALKING,15,1,1
STALKING,16,0,2
STALKING,17,0,3
STALKING,18,0,1
STALKING,19,0,2
STALKING,19,1,4
STALKING,2,0,4
STALKING,2,1,1
STALKING,20,0,1
STALKING,20,1,1
STALKING,21,0,2
STALKING,21,1,1
STALKING,22,0,4
STALKING,22,1,4
STALKING,23,0,11
STALKING,23,1,3
STALKING,24,0,4
STALKING,24,1,4
STALKING,25,0,18
STALKING,25,1,5
STALKING,26,1,2
STALKING,27,0,12
STALKING,28,0,4
STALKING,28,1,8
STALKING,29,0,9
STALKING,29,1,5
STALKING,3,0,7
STALKING,3,1,2
STALKING,30,0,4
STALKING,30,1,5
STALKING,31,0,6
STALKING,31,1,3
STALKING,32,0,5
STALKING,32,1,3
STALKING,33,0,2
STALKING,33,1,1
STALKING,35,0,5
STALKING,35,1,4
STALKING,36,0,1
STALKING,36,1,1
STALKING,38,0,5
STALKING,38,1,11
STALKING,39,0,1
STALKING,39,1,1
STALKING,4,0,2
STALKING,40,0,6
STALKING,40,1,4
STALKING,41,0,1
STALKING,41,1,2
STALKING,42,0,4
STALKING,42,1,4
STALKING,43,0,13
STALKING,43,1,9
STALKING,44,0,6
STALKING,44,1,3
STALKING,45,0,2
STALKING,46,0,3
STALKING,46,1,3
STALKING,47,0,1
STALKING,48,0,1
STALKING,49,0,4
STALKING,49,1,7
STALKING,5,0,1
STALKING,50,0,2
STALKING,51,0,2
STALKING,51,1,2
STALKING,52,0,1
STALKING,52,1,1
STALKING,53,0,4
STALKING,53,1,3
STALKING,54,0,1
STALKING,54,1,2
STALKING,55,1,1
STALKING,56,1,4
STALKING,57,1,2
STALKING,58,0,2
STALKING,58,1,3
STALKING,59,1,2
STALKING,6,0,4
STALKING,6,1,4
STALKING,60,0,1
STALKING,60,1,4
STALKING,61,0,2
STALKING,61,1,6
STALKING,63,0,1
STALKING,63,1,3
STALKING,64,0,2
STALKING,64,1,1
STALKING,65,1,2
STALKING,66,0,3
STALKING,66,1,2
STALKING,67,0,1
STALKING,68,1,4
STALKING,69,0,3
STALKING,69,1,7
STALKING,7,0,1
STALKING,70,0,1
STALKING,70,1,3
STALKING,71,0,5
STALKING,71,1,1
STALKING,73,0,2
STALKING,73,1,3
STALKING,75,0,4
STALKING,75,1,1
STALKING,76,0,3
STALKING,76,1,1
STALKING,77,0,7
STALKING,77,1,1
STALKING,8,0,15
STALKING,8,1,6
STALKING,9,0,1
THEFT,1,0,1212
THEFT,1,1,37
THEFT,10,0,321
THEFT,11,0,280
THEFT,11,1,4
THEFT,12,0,136
THEFT,12,1,2
THEFT,13,0,249
THEFT,13,1,7
THEFT,14,0,494
THEFT,14,1,11
THEFT,15,0,637
THEFT,15,1,15
THEFT,16,0,700
THEFT,16,1,10
THEFT,17,0,295
THEFT,17,1,3
THEFT,18,0,132
THEFT,18,1,5
THEFT,19,0,720
THEFT,19,1,38
THEFT,2,0,936
THEFT,2,1,19
THEFT,20,0,271
THEFT,20,1,14
THEFT,21,0,566
THEFT,21,1,7
THEFT,22,0,1322
THEFT,22,1,11
THEFT,23,0,791
THEFT,23,1,71
THEFT,24,0,2639
THEFT,24,1,29
THEFT,25,0,1619
THEFT,25,1,189
THEFT,26,0,364
THEFT,26,1,56
THEFT,27,0,476
THEFT,27,1,67
THEFT,28,0,3273
THEFT,28,1,82
THEFT,29,0,825
THEFT,29,1,105
THEFT,3,0,1215
THEFT,3,1,30
THEFT,30,0,514
THEFT,30,1,45
THEFT,31,0,654
THEFT,31,1,13
THEFT,32,0,3424
THEFT,32,1,24
THEFT,33,0,624
THEFT,33,1,11
THEFT,34,0,264
THEFT,34,1,6
THEFT,35,0,626
THEFT,35,1,32
THEFT,36,0,120
THEFT,36,1,12
THEFT,37,0,97
THEFT,37,1,17
THEFT,38,0,524
THEFT,38,1,57
THEFT,39,0,376
THEFT,39,1,35
THEFT,4,0,608
THEFT,4,1,7
THEFT,40,0,283
THEFT,40,1,39
THEFT,41,0,708
THEFT,41,1,17
THEFT,42,0,496
THEFT,42,1,59
THEFT,43,0,1141
THEFT,43,1,141
THEFT,44,0,911
THEFT,44,1,101
THEFT,45,0,190
THEFT,45,1,18
THEFT,46,0,583
THEFT,46,1,58
THEFT,47,0,54
THEFT,47,1,7
THEFT,48,0,206
THEFT,48,1,16
THEFT,49,0,748
THEFT,49,1,80
THEFT,5,0,463
THEFT,5,1,7
THEFT,50,0,146
THEFT,50,1,10
THEFT,51,0,254
THEFT,51,1,26
THEFT,52,0,179
THEFT,52,1,14
THEFT,53,0,401
THEFT,53,1,50
THEFT,54,0,107
THEFT,54,1,27
THEFT,55,0,115
THEFT,55,1,6
THEFT,56,0,444
THEFT,56,1,9
THEFT,57,0,218
THEFT,57,1,6
THEFT,58,0,339
THEFT,58,1,19
THEFT,59,0,204
THEFT,59,1,11
THEFT,6,0,2243
THEFT,6,1,11
THEFT,60,0,369
THEFT,60,1,6
THEFT,61,0,581
THEFT,61,1,53
THEFT,62,0,156
THEFT,62,1,11
THEFT,63,0,362
THEFT,63,1,20
THEFT,64,0,205
THEFT,64,1,12
THEFT,65,0,395
THEFT,65,1,14
THEFT,66,0,766
THEFT,66,1,70
THEFT,67,0,581
THEFT,67,1,92
THEFT,68,0,525
THEFT,68,1,90
THEFT,69,0,730
THEFT,69,1,102
THEFT,7,0,1525
THEFT,7,1,5
THEFT,70,0,341
THEFT,70,1,25
THEFT,71,0,859
THEFT,71,1,88
THEFT,72,0,206
THEFT,72,1,4
THEFT,73,0,443
THEFT,73,1,31
THEFT,74,0,106
THEFT,74,1,1
THEFT,75,0,373
THEFT,75,1,11
THEFT,76,0,553
THEFT,76,1,7
THEFT,77,0,891
THEFT,77,1,24
THEFT,8,0,4201
THEFT,8,1,39
THEFT,9,0,49
WEAPONS VIOLATION,1,0,55
WEAPONS VIOLATION,1,1,1
WEAPONS VIOLATION,10,0,5
WEAPONS VIOLATION,11,0,6
WEAPONS VIOLATION,12,0,6
WEAPONS VIOLATION,13,0,9
WEAPONS VIOLATION,14,0,47
WEAPONS VIOLATION,15,0,42
WEAPONS VIOLATION,15,1,1
WEAPONS VIOLATION,16,0,37
WEAPONS VIOLATION,17,0,20
WEAPONS VIOLATION,17,1,3
WEAPONS VIOLATION,18,0,17
WEAPONS VIOLATION,19,0,174
WEAPONS VIOLATION,19,1,1
WEAPONS VIOLATION,2,0,51
WEAPONS VIOLATION,20,0,59
WEAPONS VIOLATION,21,0,37
WEAPONS VIOLATION,22,0,48
WEAPONS VIOLATION,23,0,256
WEAPONS VIOLATION,24,0,105
WEAPONS VIOLATION,25,0,552
WEAPONS VIOLATION,25,1,4
WEAPONS VIOLATION,26,0,305
WEAPONS VIOLATION,26,1,4
WEAPONS VIOLATION,27,0,182
WEAPONS VIOLATION,27,1,1
WEAPONS VIOLATION,28,0,152
WEAPONS VIOLATION,28,1,1
WEAPONS VIOLATION,29,0,453
WEAPONS VIOLATION,29,1,1
WEAPONS VIOLATION,3,0,35
WEAPONS VIOLATION,3,1,1
WEAPONS VIOLATION,30,0,275
WEAPONS VIOLATION,30,1,1
WEAPONS VIOLATION,31,0,96
WEAPONS VIOLATION,31,1,1
WEAPONS VIOLATION,32,0,109
WEAPONS VIOLATION,32,1,1
WEAPONS VIOLATION,33,0,62
WEAPONS VIOLATION,34,0,50
WEAPONS VIOLATION,35,0,79
WEAPONS VIOLATION,35,1,1
WEAPONS VIOLATION,36,0,38
WEAPONS VIOLATION,37,0,58
WEAPONS VIOLATION,38,0,159
WEAPONS VIOLATION,39,0,32
WEAPONS VIOLATION,4,0,15
WEAPONS VIOLATION,40,0,115
WEAPONS VIOLATION,40,1,2
WEAPONS VIOLATION,41,0,10
WEAPONS VIOLATION,42,0,181
WEAPONS VIOLATION,42,1,2
WEAPONS VIOLATION,43,0,334
WEAPONS VIOLATION,43,1,5
WEAPONS VIOLATION,44,0,237
WEAPONS VIOLATION,44,1,3
WEAPONS VIOLATION,45,0,56
WEAPONS VIOLATION,46,0,199
WEAPONS VIOLATION,47,0,20
WEAPONS VIOLATION,48,0,59
WEAPONS VIOLATION,48,1,1
WEAPONS VIOLATION,49,0,386
WEAPONS VIOLATION,49,1,2
WEAPONS VIOLATION,5,0,7
WEAPONS VIOLATION,50,0,41
WEAPONS VIOLATION,50,1,1
WEAPONS VIOLATION,51,0,91
WEAPONS VIOLATION,51,1,1
WEAPONS VIOLATION,52,0,45
WEAPONS VIOLATION,52,1,1
WEAPONS VIOLATION,53,0,249
WEAPONS VIOLATION,53,1,2
WEAPONS VIOLATION,54,0,78
WEAPONS VIOLATION,55,0,7
WEAPONS VIOLATION,56,0,48
WEAPONS VIOLATION,56,1,1
WEAPONS VIOLATION,57,0,45
WEAPONS VIOLATION,58,0,74
WEAPONS VIOLATION,59,0,41
WEAPONS VIOLATION,6,0,39
WEAPONS VIOLATION,6,1,1
WEAPONS VIOLATION,60,0,58
WEAPONS VIOLATION,61,0,293
WEAPONS VIOLATION,62,0,37
WEAPONS VIOLATION,63,0,80
WEAPONS VIOLATION,64,0,13
WEAPONS VIOLATION,64,1,1
WEAPONS VIOLATION,65,0,56
WEAPONS VIOLATION,66,0,259
WEAPONS VIOLATION,66,1,2
WEAPONS VIOLATION,67,0,347
WEAPONS VIOLATION,67,1,1
WEAPONS VIOLATION,68,0,330
WEAPONS VIOLATION,69,0,351
WEAPONS VIOLATION,69,1,3
WEAPONS VIOLATION,7,0,36
WEAPONS VIOLATION,70,0,52
WEAPONS VIOLATION,71,0,304
WEAPONS VIOLATION,71,1,4
WEAPONS VIOLATION,72,0,18
WEAPONS VIOLATION,73,0,114
WEAPONS VIOLATION,73,1,5
WEAPONS VIOLATION,74,0,7
WEAPONS VIOLATION,75,0,65
WEAPONS VIOLATION,76,0,9
WEAPONS VIOLATION,77,0,13
WEAPONS VIOLATION,8,0,230
WEAPONS VIOLATION,9,1,1
